INSERT INTO "EDUTECH".DBO.AULAS_TIPO
    (ID, TIPO)
VALUES
    (1, 'Vídeo Aula'),
    (2, 'Material de Leitura'),
    (3, 'Quiz')
;

INSERT INTO "EDUTECH".DBO.CURSOS_NIVEL
    (ID, NIVEL)
VALUES
    (1, 'Início'),
    (2, 'Intermediário'),
    (3, 'Avançado')
;

INSERT INTO "EDUTECH".DBO.CATEGORIAS
    (ID, CATEGORIA, DESCRICAO)
VALUES
    (1, 'Programação', 'Cursos focados em linguagens e frameworks de codificação.'),
    (2, 'Dados', 'Cursos sobre análise, visualização e engenharia de dados.'),
    (3, 'Infraestrutura', 'Cursos de redes, servidores e computação em nuvem.'),
    (4, 'Design', 'Cursos de UI/UX, gráficos e produção multimídia.'),
    (5, 'Cibersegurança', 'Cursos para proteção de sistemas e dados.')
;

INSERT INTO "EDUTECH".DBO.MATRICULAS_STATUS
    (ID, STATUS)
VALUES
    (1, 'Ativa'),
    (2, 'Concluída'),
    (3, 'Cancelada')
;

INSERT INTO "EDUTECH".DBO.ESPECIALIDADES
    (ID, ESPECIALIDADE)
VALUES
    (1, 'Desenvolvimento Web'),
    (2, 'DevOps'),
    (3, 'Cibersegurança'),
    (4, 'Inteligência Artificial'),
    (5, 'Desenvolvimento Mobile'),
    (6, 'Redes e Infraestrutura'),
    (7, 'Análise de Dados'),
    (8, 'UI/UX Design'),
    (9, 'Automação de Processos'),
    (10, 'Internet das Coisas (IoT)'),
    (11, 'Big Data'),
    (12, 'Administração de Banco de Dados')
;

INSERT INTO "EDUTECH".DBO.ALUNOS
    (ID, NOME, EMAIL, DATA_NASCIMENTO, ATIVO, DATA_CADASTRO)
VALUES
    (1, 'Mateus Silveira', 'mateus.silveira@ig.com.br', '2003-07-26', true, '2024-04-27T09:01:45'),
    (2, 'Hadassa Vieira', 'hadassa.vieira@ig.com.br', '1979-09-28', true, '2024-05-19T10:31:47'),
    (3, 'Mariane Moura', 'mariane.moura@yahoo.com.br', '1988-08-15', true, '2025-05-26T02:05:10'),
    (4, 'Sophie Cardoso', 'sophie.cardoso@bol.com.br', '1993-02-13', false, '2024-09-22T21:13:17'),
    (5, 'Luiz Miguel Santos', 'luiz.santos@gmail.com', '2004-01-19', true, '2025-04-20T04:01:19'),
    (6, 'Liam Novaes', 'liam.novaes@hotmail.com', '1983-03-09', true, '2023-03-07T09:57:23'),
    (7, 'Sophie Cavalcanti', 'sophie.cavalcanti@bol.com.br', '2003-07-08', true, '2024-06-18T00:49:14'),
    (8, 'Pietro Correia', 'pietro.correia@hotmail.com', '2003-08-15', true, '2023-03-13T05:09:19'),
    (9, 'Rodrigo Costa', 'rodrigo.costa@hotmail.com', '1980-01-27', true, '2023-02-16T08:19:53'),
    (10, 'Leonardo Pastor', 'leonardo.pastor@gmail.com', '2000-03-20', true, '2025-01-24T06:52:48'),
    (11, 'Heitor Fogaça', 'heitor.fogaça@ig.com.br', '1980-08-16', true, '2025-06-08T00:29:43'),
    (12, 'Luna Gonçalves', 'luna.gonçalves@gmail.com', '1978-11-16', true, '2025-07-14T00:48:04'),
    (13, 'Julia Martins', 'julia.martins@yahoo.com.br', '1980-03-05', false, '2023-10-11T09:36:15'),
    (14, 'Raquel Guerra', 'raquel.guerra@hotmail.com', '2005-07-31', true, '2023-02-27T02:02:53'),
    (15, 'Júlia Garcia', 'júlia.garcia@gmail.com', '1985-04-04', true, '2025-06-01T19:42:19'),
    (16, 'Stella Sampaio', 'stella.sampaio@hotmail.com', '1997-12-23', true, '2023-02-21T06:27:21'),
    (17, 'Paulo Moreira', 'paulo.moreira@gmail.com', '1979-11-23', true, '2025-06-30T13:46:48'),
    (18, 'Sophia Sousa', 'sophia.sousa@uol.com.br', '1981-12-03', true, '2023-04-15T11:12:02'),
    (19, 'Heitor da Mota', 'heitor.mota@bol.com.br', '2004-06-09', true, '2024-08-01T18:55:28'),
    (20, 'Vinícius Vieira', 'vinícius.vieira@ig.com.br', '1975-04-16', true, '2025-07-11T16:44:27'),
    (21, 'Leonardo Castro', 'leonardo.castro@hotmail.com', '1993-07-05', true, '2023-06-19T09:34:48'),
    (22, 'Isabel Rocha', 'isabel.rocha@ig.com.br', '1991-01-07', true, '2025-06-18T22:30:30'),
    (23, 'Asafe Mendes', 'asafe.mendes@bol.com.br', '1981-08-06', true, '2024-06-20T19:02:42'),
    (24, 'Isaac Teixeira', 'isaac.teixeira@ig.com.br', '1990-01-01', false, '2024-05-27T22:29:48'),
    (25, 'Luigi Rezende', 'luigi.rezende@hotmail.com', '1993-09-14', true, '2024-12-13T13:33:09'),
    (26, 'Joaquim Vasconcelos', 'joaquim.vasconcelos@bol.com.br', '1976-10-05', true, '2025-09-24T08:01:02'),
    (27, 'Oliver Brito', 'oliver.brito@uol.com.br', '1998-09-28', true, '2023-08-07T18:22:58'),
    (28, 'Alexia Monteiro', 'alexia.monteiro@gmail.com', '1994-07-03', true, '2025-03-10T09:13:35'),
    (29, 'Ana Campos', 'ana.campos@ig.com.br', '1999-02-06', true, '2024-05-06T21:37:03'),
    (30, 'Carlos Eduardo Correia', 'carlos.correia@hotmail.com', '1983-12-28', true, '2025-03-06T14:45:41')
;

INSERT INTO "EDUTECH".DBO.INSTRUTORES
    (ID, NOME, EMAIL, BIOGRAFIA, ATIVO, DATA_CADASTRO)
VALUES
    (1, 'Yago Marques', 'yago.marques@bol.com.br', 'Dolor dolorum cupiditate nam omnis. Excepturi magnam placeat distinctio quia laborum harum. Velit dolor rem rem esse. Eius adipisci exercitationem commodi.', true, '2023-04-06T02:52:48'),
    (2, 'Laura Mendes', 'laura.mendes@gmail.com', 'Nostrum doloremque voluptatibus. Quisquam doloremque voluptatibus. Quisquam doloremque voluptatibus.', true, '2023-04-06T02:52:48'),
    (3, 'Nicolas Ribeiro', 'nicolas.ribeiro@gmail.com', 'Commodi voluptates magni assumenda. Cumque atque dicta mollitia maxime. Earum commodi repudiandae repellat error.', true, '2023-10-11T12:10:50'),
    (4, 'Maria Luiza Gonçalves', 'maria.gonçalves@yahoo.com.br', 'Facere ea porro nulla quidem est beatae quasi. Neque unde quo exercitationem architecto quibusdam totam. Assumenda fugiat aliquam mollitia maxime consequuntur a. Repudiandae nostrum dolores rerum.', true, '2025-07-12T18:36:24'),
    (5, 'Davi Lucca Farias', 'davi.farias@yahoo.com.br', 'Eaque voluptates accusantium eligendi totam quasi veniam. Commodi labore molestiae excepturi reiciendis dolorum. Fuga ipsa doloremque quas similique ipsam amet omnis.', true, '2025-05-03T16:09:26'),
    (6, 'Caleb Gonçalves', 'caleb.gonçalves@bol.com.br', 'Deleniti accusamus omnis quisquam facere tenetur earum. Minima saepe dolor voluptatum ex unde. Rerum ad minima ea. Quidem repudiandae beatae totam. Alias commodi iste maiores tempore.', true, '2025-09-16T20:03:01'),
    (7, 'Manuella Rocha', 'manuella.rocha@hotmail.com', 'Nisi officiis illum incidunt doloremque soluta ratione. Aut molestiae accusamus quis nemo asperiores. Hic voluptate repudiandae officia ipsum.', true, '2025-08-12T02:42:18'),
    (8, 'Yuri Ramos', 'yuri.ramos@hotmail.com', 'Officiis possimus exercitationem illum. Magnam expedita reiciendis maxime occaecati deleniti. Unde maxime nisi tempora porro. Sequi earum odit possimus.', true, '2025-08-17T14:09:11'),
    (9, 'Luiz Felipe Aragão', 'luiz.aragão@uol.com.br', 'Deleniti rem inventore. Impedit laborum iste voluptatibus magni. Numquam incidunt eaque tempore fuga architecto non.', true, '2024-06-05T06:19:27'),
    (10, 'Mariana da Paz', 'mariana.paz@hotmail.com', 'Molestiae eum cum. Sit nam quis debitis. Aperiam quisquam illum asperiores similique maxime at. Quaerat officia tenetur tempora incidunt nulla.', true, '2025-08-21T22:15:13'),
    (11, 'Bernardo Peixoto', 'bernardo.peixoto@uol.com.br', 'Rem laborum rem est. Quasi veritatis minima nisi incidunt.', true, '2024-07-24T19:06:51')
;

INSERT INTO "EDUTECH".DBO.CURSOS
    (TITULO, DESCRICAO, PRECO, CARGA_HORARIA, ID_INSTRUTOR, ID_CATEGORIA, ID_NIVEL, DATA_CADASTRO)
VALUES
    (1, 'Aperiam commodi perferendis.', 'Quibusdam eius accusantium error et praesentium. Aliquid cum nesciunt provident.', 345.25, 5940, 3, 1, 1, '2024-08-24T03:50:46'),
    (2, 'Minus eius ipsum ab.', 'Accusamus maxime ipsam nemo iure quibusdam repudiandae.', 264.66, 7440, 3, 3, 2, '2023-12-15T04:09:52'),
    (3, 'Sequi atque pariatur soluta quod.', 'Nostrum consequatur fugiat amet eaque animi fugit. Animi voluptatem incidunt architecto.', 419.34, 4620, 2, 5, 1, '2024-10-04T07:13:20'),
    (4, 'Libero iste.', 'Veniam ipsam at quaerat accusamus suscipit rem. Quos occaecati maxime ducimus eveniet occaecati.', 281.12, 5880, 3, 5, 2, '2023-08-02T16:29:44'),
    (5, 'Odit animi.', 'A eaque alias a. In officiis modi saepe quam ipsum. Possimus eaque at laudantium quia.', 116.87, 10980, 4, 4, 1, '2023-09-07T12:04:13'),
    (6, 'Deserunt quaerat.', 'Nisi iusto ipsum ad. Quisquam ipsum at doloribus nostrum maxime sunt.', 477.57, 8400, 1, 2, 3, '2023-10-19T06:05:53'),
    (7, 'Voluptates porro doloremque soluta distinctio.', 'Recusandae porro nemo doloribus id. Nobis perferendis alias molestias.', 78.07, 5160, 5, 1, 3, '2023-12-27T02:50:06'),
    (8, 'Itaque iusto.', 'Voluptatibus numquam optio commodi eius rerum. Modi voluptates iure ullam praesentium quae itaque.', 290.75, 5340, 7, 1, 2, '2023-10-21T09:44:47'),
    (9, 'Facere occaecati.', 'Eaque incidunt quod cumque atque magni. Magni vero perferendis. Impedit impedit ut enim quidem sit.', 348.36, 2580, 2, 5, 1, '2023-06-14T08:21:53'),
    (10, 'Nulla molestiae dicta.', 'Voluptatibus velit perferendis illo laboriosam. Quam non soluta animi accusamus dolorem eum illum.', 485.71, 7320, 4, 5, 2, '2024-07-19T07:18:30'),
    (11, 'Rem eum quidem iste.', 'Quibusdam iusto sunt facere. Veniam ex eaque omnis.', 115.19, 3660, 5, 4, 2, '2024-01-10T04:39:27'),
    (12, 'Ipsum ducimus maxime deserunt accusamus.', 'Voluptatum earum sapiente odio. A ipsum voluptas debitis.', 296.29, 8460, 9, 4, 2, '2024-08-26T15:52:37'),
    (13, 'Recusandae doloribus temporibus aliquam expedita.', 'Odit omnis ipsa voluptate libero fugit. Odit impedit eveniet iste.', 415.42, 5640, 10, 1, 2, '2025-03-14T01:29:32'),
    (14, 'Facere vitae molestias officia.', 'Aperiam inventore ipsa earum incidunt in animi reprehenderit. Repellendus asperiores illum dolore.', 322.51, 4200, 6, 4, 3, '2023-11-25T04:14:00'),
    (15, 'Nesciunt dolor delectus aperiam dolorum.', 'Corrupti perferendis accusamus molestiae.', 257.66, 3540, 8, 2, 1, '2025-07-07T10:23:09'),
    (16, 'Tenetur hic.', 'Nisi ab illo. Possimus ea cupiditate.', 339.40, 3420, 5, 5, 2, '2023-06-04T18:54:02'),
    (17, 'Rem et repellendus itaque.', 'Doloribus expedita veniam. Doloribus possimus impedit hic quo porro. Hic aliquid aliquam eaque.', 468.14, 11280, 8, 5, 3, '2025-04-04T13:57:10'),
    (18, 'Libero consectetur distinctio magni.', 'Enim sequi sint impedit aspernatur. Neque sit veritatis qui.', 419.18, 9840, 3, 5, 2, '2023-09-19T09:48:17'),
    (19, 'Qui aut.', 'Aut aliquid dicta nisi ab expedita possimus temporibus. Esse aperiam odit sit.', 498.73, 9840, 1, 5, 1, '2023-03-01T07:23:05'),
    (20, 'Nemo laborum quibusdam nostrum deserunt.', 'Reprehenderit dolorem mollitia dolore quae occaecati. Molestias sed ad placeat vitae incidunt.', 154.01, 11580, 7, 3, 1, '2024-04-26T21:20:18')
;

INSERT INTO "EDUTECH".DBO.MODULOS
    (ID, TITULO, DESCRICAO, ID_CURSO, ORDEM)
VALUES
    (1, 'Suscipit aliquid autem suscipit modi.', 'Iure molestias hic. Voluptate reprehenderit natus fugit vel nostrum amet. Laboriosam veritatis ad laudantium. Tempore aliquam autem animi neque aliquid esse. Dignissimos deleniti magnam provident.', 1, 1),
    (2, 'Voluptate dolorum hic eos.', 'Vero qui modi amet. Architecto quaerat natus at. Illum ipsa amet excepturi quidem officia mollitia nam.', 1, 2),
    (3, 'Rem ipsa earum mollitia.', 'Sunt adipisci iure reprehenderit autem. Harum modi voluptatem eligendi nihil ratione. Aspernatur iste incidunt itaque quis quam nam esse. Mollitia dolores libero accusantium nisi provident commodi.', 2, 1),
    (4, 'Itaque nostrum explicabo sed cum.', 'Est odio ducimus harum dolor debitis non. Officiis culpa architecto. Eos iure tempora ex autem illum exercitationem adipisci. Totam delectus perspiciatis. In sunt corrupti deserunt in illum.', 2, 2),
    (5, 'Temporibus sapiente nostrum deleniti dolores.', 'Sed error dolores facere saepe in vel. Quo quod sit doloribus. Commodi numquam ex dolores. Optio iste eveniet quidem. Quis ullam animi perferendis ducimus.', 3, 1),
    (6, 'Quasi vero qui.', 'Saepe voluptatibus similique nam voluptas sunt. Quibusdam nobis eius excepturi debitis quia.', 3, 2),
    (7, 'Aut eveniet molestiae soluta.', 'Quaerat quod molestias cum quod doloremque assumenda. Illum possimus expedita aspernatur mollitia. Suscipit eos quasi ipsum ex ipsa nihil. Aliquam tenetur minima facere dolorem amet.', 4, 1),
    (8, 'Labore maiores atque.', 'Voluptatibus non iure sed quasi eveniet. Dolore voluptatem minus illum corrupti est deserunt. Ullam earum unde cumque excepturi odio. Veniam illo neque sed asperiores.', 4, 2),
    (9, 'Quaerat repellat ipsam.', 'Corporis vel hic quia delectus facere. Cum fuga dolor mollitia natus. Fugiat fuga cupiditate consequuntur totam iure. Laborum omnis natus omnis consequuntur cum maxime.', 5, 1),
    (10, 'Corporis corporis alias tenetur.', 'Maxime dolores impedit omnis iure minima repudiandae. Eaque nemo sed ipsam minima. Quo delectus velit iste.', 5, 2),
    (11, 'Quasi autem earum porro.', 'Voluptate at veniam. In facilis repudiandae quisquam maiores. Fugit et autem sequi sed. Sint voluptatem velit aperiam. Voluptas dicta error commodi doloremque harum possimus quidem.', 6, 1),
    (12, 'Facilis rerum voluptatibus.', 'Veritatis rem voluptate molestiae iste quia dolores. Pariatur cumque tenetur totam. Aperiam fuga incidunt voluptate.', 6, 2),
    (13, 'Provident ipsa.', 'Maxime nam ut esse rerum velit. Voluptatibus alias fugiat. Reiciendis nisi quaerat eum mollitia. Fugit dolores rerum. Totam excepturi distinctio eveniet modi reprehenderit.', 6, 3),
    (14, 'Ipsum aut.', 'Dignissimos dicta beatae nihil consequuntur. Aspernatur assumenda quis amet illo.', 6, 4),
    (15, 'Rem cum minus deleniti et.', 'Sit porro rerum ipsam amet velit repellendus. Quisquam nobis odit pariatur ipsam nisi amet. Illo velit nisi expedita distinctio incidunt eos.', 7, 1),
    (16, 'Cum quia veritatis.', 'Voluptatem sunt quos dolor dicta dolore sit. Assumenda distinctio molestias fugit voluptates. Quis totam iure a molestias itaque qui.', 7, 2),
    (17, 'Vel quaerat.', 'Nulla voluptates optio velit officia ipsum. Sapiente quisquam velit ipsum suscipit repellat ratione. Voluptate porro dignissimos in et cumque enim.', 7, 3),
    (18, 'Nam impedit necessitatibus modi iste.', 'Impedit architecto sequi laudantium ducimus. Excepturi rem praesentium id facilis. Aut laborum error labore doloremque rem eaque adipisci. Ex eius debitis quae laudantium.', 8, 1),
    (19, 'Ea expedita cumque dolore.', 'Aliquid iste quae repellat dolores possimus quae. Aliquam illo natus optio earum autem sapiente.', 8, 2),
    (20, 'Cum velit beatae voluptatibus doloribus.', 'Tempore quod odit expedita soluta quasi. Fugit nobis temporibus fuga nam maiores labore. Earum distinctio et minima incidunt et voluptatum.', 8, 3),
    (21, 'Incidunt ex doloribus quaerat.', 'Animi quibusdam aspernatur nihil. Eius corrupti necessitatibus laudantium. Aperiam dignissimos molestiae corrupti non est.', 9, 1),
    (22, 'Deleniti recusandae minima.', 'Quam dolore magnam quas totam earum autem. Sunt eligendi quae repellat iure ipsum est. Tempore dignissimos eius ad quisquam magni.', 9, 2),
    (23, 'Nihil incidunt dolore deleniti.', 'Ad eius praesentium architecto tenetur provident. Ut iusto nihil deleniti. Illum suscipit odio quod. Nisi similique veritatis maiores.', 10, 1),
    (24, 'Praesentium blanditiis quos animi.', 'Qui ratione unde iste laudantium nemo. Aliquid deserunt illo tenetur. Asperiores magni deserunt natus quae.', 10, 2),
    (25, 'Laborum aut repellat voluptas.', 'Quidem quis mollitia. Porro culpa asperiores provident sapiente. Aut vel cum beatae eius.', 11, 1),
    (26, 'Quos eligendi numquam.', 'Dignissimos maxime consequuntur reiciendis expedita. Totam rerum eum voluptates architecto deleniti accusamus. Repellendus blanditiis consequuntur distinctio corporis vero nesciunt.', 11, 2),
    (27, 'Doloribus eligendi.', 'Nam voluptatum similique iusto reiciendis corporis sed. Nemo dolor repudiandae numquam blanditiis ad. Nobis at impedit iste qui doloribus inventore doloribus. Accusamus quod tempora.', 12, 1),
    (28, 'Deserunt facere magnam facere et.', 'Eveniet necessitatibus neque explicabo quasi. Aliquam vel nesciunt velit fuga aperiam. Itaque ullam distinctio dolor id pariatur sed.', 12, 2),
    (29, 'In sunt neque.', 'Odio impedit earum quidem esse nemo assumenda. Pariatur id alias ipsam.', 13, 1),
    (30, 'Facere nostrum totam quas deleniti.', 'Accusamus quibusdam commodi amet ex architecto quae praesentium. Error non a ex id dolorem aspernatur. Soluta nihil cumque beatae cum odio.', 13, 2),
    (31, 'Quos sint quibusdam libero.', 'Laudantium harum odio magni illum delectus saepe. Minus mollitia optio. Veniam veniam odit facilis voluptatum illum incidunt impedit.', 13, 3),
    (32, 'Eveniet tempora inventore.', 'Distinctio illum earum ea fuga quasi magnam. Sapiente ea nam voluptate. Accusamus sed aspernatur iste. Voluptates nemo inventore distinctio.', 14, 1),
    (33, 'Aperiam aliquid.', 'Praesentium officiis natus distinctio blanditiis asperiores. Error doloremque aliquam natus accusamus mollitia.', 14, 2),
    (34, 'Dignissimos ipsa ipsa.', 'Minima in placeat corporis sed. Laboriosam soluta soluta excepturi totam laudantium. Illo ipsum quam delectus. Cumque nisi incidunt quidem fuga. Eum cupiditate sunt iste. Nam inventore velit esse ea.', 14, 3),
    (35, 'Odio doloribus similique illum.', 'Est veritatis voluptates facere. Commodi iste quis unde explicabo quam tempore. Perspiciatis aspernatur molestiae laboriosam odio. Corporis autem pariatur aperiam quidem non autem.', 15, 1),
    (36, 'Dignissimos voluptate mollitia veritatis.', 'Sit nesciunt quas rem modi. Fugiat architecto magni harum. Dolore quae suscipit consectetur delectus nisi. Maxime nobis vero et consectetur tenetur. Voluptatum vel voluptatum quis dolore.', 15, 2),
    (37, 'Minima soluta reprehenderit.', 'Nihil quia ab sequi ut quidem. Hic sed eos quia. Dolor rerum perferendis expedita. Suscipit quis porro ad.', 16, 1),
    (38, 'Eum maiores corporis deleniti dolorem.', 'Quas delectus temporibus accusamus at adipisci minima. Dolore eveniet illo libero ipsam. Eum tenetur in incidunt alias. Perspiciatis repellendus vitae excepturi dolor eius.', 16, 2),
    (39, 'Eveniet corrupti dolor.', 'Commodi et animi enim officiis facilis eveniet. Rerum quisquam necessitatibus perspiciatis.', 16, 3),
    (40, 'Similique magni.', 'Dicta libero cumque earum dignissimos. Modi quos necessitatibus eius tenetur pariatur similique. Libero molestiae doloremque mollitia.', 17, 1),
    (41, 'Maiores veniam aliquid dolorem.', 'Totam aspernatur dolorum odio. Expedita rerum iure. Rem aliquid consectetur itaque ratione voluptatem provident velit. Dolore fugit nobis nihil harum repudiandae distinctio.', 17, 2),
    (42, 'Molestiae beatae iure dicta.', 'Esse assumenda iure rerum. Eum fuga nam est delectus maxime sunt. Cumque occaecati ullam ea.', 18, 1),
    (43, 'Esse dolore ducimus.', 'Amet cum dolores deleniti. Quibusdam veritatis ratione. Ratione itaque quo eaque explicabo perspiciatis optio.', 18, 2),
    (44, 'Est velit placeat enim.', 'Reprehenderit voluptatem maiores sed commodi quasi suscipit. Eius error ratione aperiam minus odio laudantium. Error suscipit nulla magnam voluptate dolorem. Repellat deserunt nemo ipsa.', 19, 1),
    (45, 'Ea totam veniam dolores.', 'Omnis occaecati voluptatum eos sunt. Aspernatur unde facere rerum minima maxime. Quibusdam neque explicabo quod consectetur tempore nulla.', 19, 2),
    (46, 'Cumque esse provident ipsa odit.', 'Dolorum repudiandae placeat ea consequatur a. Sapiente deleniti autem eaque dignissimos. Placeat commodi quod sequi eum excepturi repudiandae consequuntur. Accusantium officia esse ducimus.', 19, 3),
    (47, 'Culpa expedita iure.', 'Veritatis voluptatem tempore nobis hic sapiente nesciunt. Aliquam eos doloribus est porro temporibus labore. Dicta eos asperiores excepturi sed.', 19, 4),
    (48, 'Atque quasi expedita commodi quis.', 'Voluptatum quis distinctio explicabo reprehenderit culpa quos. Quae earum ab deserunt assumenda optio aut. Ipsum nemo officiis quia molestiae ipsa.', 20, 1),
    (49, 'Quis reprehenderit aliquam alias.', 'Ad quasi quae sunt. Impedit consequatur distinctio. Maiores soluta enim iste. Facere quos molestias consequuntur ab dolore culpa. Quam unde deserunt commodi dignissimos nostrum similique at.', 20, 2)
;

INSERT INTO "EDUTECH".DBO.AULAS
    (ID, TITULO, DESCRICAO, DURACAO, ORDEM, ID_MODULO, ID_TIPO, DATA_CADASTRO)
VALUES
    (1, 'Rerum earum quae ex dolorum.', 'Magni aspernatur eius vitae fugiat debitis itaque. Blanditiis a pariatur ea. Excepturi nihil pariatur eligendi quae aut temporibus. Amet expedita ad porro. Labore quo nobis sed omnis accusantium.', 67, 3, 1, 2, '2023-12-21T14:39:24'),
    (2, 'Quis labore ex.', 'Deserunt alias debitis consequatur facere. Ab quidem commodi. Unde voluptates libero. Fuga itaque quia eveniet unde iste. Vitae dolores at.', 86, 6, 2, 1, '2024-05-07T16:25:11'),
    (3, 'Inventore nisi explicabo soluta voluptate earum.', 'Odio quasi velit deserunt. Saepe aut placeat id. Nostrum ut voluptates iusto. Rem placeat placeat reprehenderit eius quae voluptates eligendi.', 101, 3, 3, 1, '2025-06-06T14:55:16'),
    (4, 'Soluta rem expedita possimus vel veniam fugit aperiam.', 'Excepturi sint repellat. Nostrum quod vero hic dolorem laudantium. Sequi velit rem totam deserunt eius neque.', 104, 7, 4, 1, '2025-04-30T04:03:07'),
    (5, 'Voluptatem sapiente ratione hic architecto quod.', 'Reprehenderit ullam itaque maxime maxime iusto ex. Tempore dolore aliquid occaecati quos voluptates animi. Deserunt aspernatur incidunt dolores. Repellendus voluptas eveniet occaecati.', 38, 1, 5, 2, '2023-05-04T09:55:56'),
    (6, 'Culpa quas dolorem laboriosam.', 'Iste ipsa ipsum. Neque natus molestias dignissimos fuga. Rem blanditiis inventore quod id. Assumenda alias facilis temporibus maxime quae tempora.', 38, 2, 6, 2, '2023-11-15T13:49:33'),
    (7, 'Neque reprehenderit accusantium eum nisi totam expedita iste.', 'Quidem laborum impedit quasi quo. Voluptas a numquam eum. Ut quasi eius eveniet nesciunt culpa. Culpa ex velit. Beatae amet error exercitationem hic corrupti impedit.', 52, 1, 7, 1, '2024-03-22T02:37:35'),
    (8, 'Velit minima porro.', 'Adipisci illo tempora incidunt. Facere officiis vel cupiditate expedita dignissimos. Facere officia sint cupiditate quia velit sit vitae. Mollitia architecto maxime inventore quos.', 85, 3, 8, 3, '2024-01-18T05:43:14'),
    (9, 'Optio eveniet ut doloribus atque eum quam.', 'Similique officia facere maxime itaque nulla. Laboriosam at excepturi hic ipsam.', 42, 4, 9, 2, '2025-03-26T03:33:42'),
    (10, 'Non provident suscipit distinctio dignissimos voluptas.', 'Deserunt molestiae fugit inventore. Perspiciatis vel esse ullam vitae. Alias earum optio eveniet. Ipsa earum nihil.', 87, 8, 10, 3, '2024-06-14T01:09:06'),
    (11, 'Fuga a ab vel similique optio.', 'Quod culpa eos accusamus at. Expedita porro iusto facere nam aspernatur. Natus molestias nisi sint. Accusantium quia ducimus sunt quibusdam corporis.', 90, 1, 11, 3, '2024-10-15T18:36:48'),
    (12, 'Nostrum architecto iusto tempora.', 'Iusto adipisci minima minus. Consectetur nobis excepturi itaque veritatis. Blanditiis molestiae cupiditate deleniti occaecati itaque. Ipsum eligendi temporibus rem ex magnam sequi.', 106, 1, 12, 2, '2024-05-05T09:31:57'),
    (13, 'Dolorum aut nobis quibusdam.', 'Qui temporibus nostrum laudantium amet. Molestias nostrum laboriosam rem nulla error. Libero corporis nisi nesciunt commodi mollitia. Explicabo error minima dolor.', 43, 2, 13, 1, '2025-03-05T01:49:43'),
    (14, 'Unde temporibus quasi distinctio magnam.', 'Blanditiis dignissimos ducimus minus eius praesentium pariatur animi. Provident quasi ipsa sequi. Libero atque nesciunt ex accusantium suscipit adipisci.', 91, 4, 14, 2, '2024-09-10T03:50:25'),
    (15, 'Atque atque mollitia sit aspernatur accusantium quia.', 'Porro soluta non. Enim quis praesentium debitis iusto et facere. Minus quas nisi praesentium numquam sequi provident. Minus perferendis natus a accusantium alias.', 81, 1, 15, 1, '2025-06-16T05:13:54'),
    (16, 'Quam modi reprehenderit tenetur quisquam.', 'Cumque impedit animi minima a et. Odio repellat earum porro explicabo aut. Quaerat voluptates quod iste. Aut eaque ea atque. Porro vitae earum.', 34, 1, 16, 2, '2023-10-12T01:35:06'),
    (17, 'Et possimus optio doloribus nemo.', 'Dignissimos ad ex rerum optio eius nulla iure. Fugiat tempora totam autem optio. Repellat doloribus ab labore provident ipsa.', 105, 3, 17, 3, '2024-02-07T01:46:47'),
    (18, 'Ducimus similique magni perspiciatis ad cumque.', 'Corrupti illum ipsa doloremque dicta tempora possimus. Modi doloribus corrupti minus earum quo quia in.', 44, 3, 18, 3, '2024-01-17T14:22:31'),
    (19, 'Explicabo in delectus eum totam sit.', 'Ipsa dignissimos iste possimus doloremque aut tenetur. Quod dolorem quas consectetur. Iusto illo repudiandae.', 120, 4, 19, 3, '2024-02-14T07:01:25'),
    (20, 'Fugit dicta perspiciatis quidem eum odio.', 'Cum voluptatem sequi voluptate fugiat maxime alias. Ducimus quibusdam perspiciatis saepe placeat.', 84, 9, 20, 1, '2025-03-29T17:02:18'),
    (21, 'Totam provident incidunt consequuntur.', 'Dolorum magnam possimus quaerat hic fugit. Perferendis aliquid accusantium at dicta reprehenderit.', 42, 1, 21, 3, '2025-07-26T12:09:01'),
    (22, 'Voluptas inventore rerum aliquam architecto ad eaque.', 'Sint cupiditate assumenda earum laboriosam voluptate natus dignissimos. Unde eius non nemo necessitatibus. Consequatur corporis ratione nisi magni reprehenderit animi.', 57, 2, 22, 1, '2024-12-30T22:24:45'),
    (23, 'Quae accusantium ab hic provident iure et.', 'Veniam cum maiores est fuga fuga laudantium. Distinctio deserunt ex voluptatem sit magni exercitationem. Accusantium laboriosam eos occaecati quos quisquam quos. Voluptatibus porro sint alias.', 74, 1, 23, 2, '2023-11-28T13:23:39'),
    (24, 'Eveniet blanditiis voluptate ex.', 'Eius nulla numquam at. Id mollitia atque nulla alias minima voluptatibus. Eligendi ad hic odit.', 113, 2, 24, 1, '2024-09-23T21:08:49'),
    (25, 'Nobis earum exercitationem laboriosam eius repellendus odio consequuntur.', 'Dolores ipsam eum laudantium molestias hic vitae dolore. Neque eligendi officia voluptatem sed vel eum. Qui aut odit eaque tempore voluptatum.', 118, 4, 25, 3, '2024-10-31T23:05:29'),
    (26, 'Quas eveniet hic fugit.', 'Dolorum voluptatem aliquam quis ut. Ipsa eos eos magni ea suscipit. Amet atque quasi at.', 47, 9, 26, 3, '2024-12-13T00:00:19'),
    (27, 'Culpa cupiditate repellendus sint tempora.', 'Tenetur sed aperiam praesentium. Esse ea est porro animi quo iusto. Voluptatibus officiis sequi est.', 67, 1, 27, 3, '2023-11-04T20:35:09'),
    (28, 'Est sapiente aut labore.', 'Porro voluptas similique praesentium fugit. Architecto harum iusto enim tenetur nobis. Placeat assumenda rerum dignissimos adipisci. Nemo eaque voluptatem inventore.', 70, 3, 28, 2, '2023-06-11T06:44:44'),
    (29, 'Tenetur aspernatur eaque mollitia id quis nesciunt.', 'Sequi cupiditate quia provident possimus quae. Laboriosam repellendus laborum qui unde. Optio assumenda placeat deleniti voluptas. Harum tempore doloribus.', 67, 3, 29, 3, '2025-01-28T19:39:55'),
    (30, 'Sed vel autem commodi optio corporis.', 'Et similique praesentium officiis nisi optio excepturi. Repellendus sit quo itaque officiis. Commodi quod officia beatae dolores facilis.', 34, 5, 30, 1, '2023-12-23T07:31:36'),
    (31, 'Pariatur nostrum suscipit eaque delectus.', 'Consectetur veritatis ipsa aspernatur repellat. Nobis iure doloribus fugiat facilis suscipit.', 46, 10, 31, 2, '2024-06-06T12:51:14'),
    (32, 'Ex recusandae ipsa nostrum iure.', 'In vel cumque. Odio rem sapiente possimus exercitationem molestiae. Dolor soluta at labore. Praesentium dolores reprehenderit perferendis nemo maxime vel. Sunt commodi sit deleniti culpa.', 113, 3, 32, 3, '2024-05-12T06:01:41'),
    (33, 'Deserunt accusamus quos cum velit animi inventore temporibus.', 'Fuga veniam ipsam voluptas beatae assumenda tempora. Amet tempore doloremque commodi. Vitae quisquam reprehenderit placeat nulla aliquid quas.', 54, 5, 33, 2, '2023-01-11T18:48:23'),
    (34, 'Soluta quos reprehenderit.', 'Placeat voluptas itaque sint. Facilis architecto laborum et dolores neque cumque. Exercitationem quam consectetur saepe nesciunt. Dolorem rerum dolor aspernatur deleniti.', 62, 10, 34, 3, '2024-11-20T04:20:51'),
    (35, 'Ipsum explicabo suscipit saepe culpa beatae minima.', 'Ipsam deserunt nobis excepturi ut adipisci aspernatur. Eum a sint officiis impedit. Accusantium quod neque dolores voluptates tenetur adipisci. Eius quos doloribus.', 96, 1, 35, 2, '2025-03-29T11:34:01'),
    (36, 'Exercitationem recusandae similique natus at quas ratione harum.', 'Quibusdam possimus corrupti quasi. Eligendi exercitationem harum unde eligendi alias voluptatum.', 79, 2, 36, 3, '2023-06-11T11:25:03'),
    (37, 'Quia voluptas sint voluptate aut illo.', 'Delectus officia veniam animi atque saepe placeat. Dicta magni id beatae. Id fuga at dolorem asperiores sequi consequatur. Iusto unde sit quod fugit cum. Inventore autem porro ea iste nisi maxime.', 58, 3, 37, 1, '2023-07-13T11:04:00'),
    (38, 'Modi pariatur dolores dicta sunt.', 'Aliquam repellendus ipsum velit eius enim at. Quaerat inventore harum deserunt explicabo fugit ipsa neque. Quas perspiciatis necessitatibus neque sapiente at voluptate.', 120, 5, 38, 1, '2024-04-11T01:30:58'),
    (39, 'Eos explicabo voluptatum harum inventore ab nobis cumque.', 'Et asperiores fuga iure tenetur praesentium sit. Quam eveniet fugit esse velit culpa explicabo. Eos sit veniam laborum accusamus.', 81, 10, 39, 2, '2023-08-07T15:57:26'),
    (40, 'Velit mollitia aliquam alias.', 'Voluptatibus voluptatum fuga corrupti eligendi quidem. Dolores tempora incidunt dolor. Aut animi officiis modi.', 90, 3, 40, 3, '2023-08-31T18:00:39'),
    (41, 'Excepturi modi ab qui.', 'Praesentium exercitationem modi incidunt doloremque dignissimos. Nisi nihil repellendus nulla. Illo non impedit fuga labore. Explicabo sint itaque sint maxime molestiae quasi.', 112, 6, 41, 2, '2025-10-09T21:34:10'),
    (42, 'Quisquam error incidunt consequatur corrupti.', 'Adipisci sint accusamus numquam dolor itaque. Facilis repudiandae accusantium eligendi reprehenderit. Aliquid quod eveniet fuga ad. Debitis necessitatibus id dolores aut repellendus.', 71, 1, 42, 1, '2025-01-21T07:45:46'),
    (43, 'Voluptatem maiores maxime doloremque sequi velit.', 'Aut atque eum nostrum cupiditate. Corrupti commodi maxime nihil. Nisi vero maiores sed ad ut. Nulla animi voluptate provident nihil corporis.', 43, 2, 43, 2, '2024-06-15T10:24:59'),
    (44, 'Facere earum occaecati sapiente.', 'Necessitatibus ipsam doloremque reprehenderit placeat. Eaque sapiente magnam. Autem natus tempore incidunt.', 32, 1, 44, 3, '2025-05-30T17:25:33'),
    (45, 'Nemo delectus deserunt quia nemo sed.', 'Eaque atque eos facilis. Impedit hic quis magnam. Quas doloremque quia tempora alias quisquam vitae. Repudiandae unde corporis autem quasi voluptas. Animi atque officiis laboriosam.', 49, 1, 45, 3, '2025-01-04T07:42:52'),
    (46, 'Molestiae reiciendis ea fuga.', 'Beatae sit quisquam saepe. Officia quos blanditiis. Iste fugiat error molestias odit dolor.', 95, 2, 46, 2, '2023-04-03T08:58:45'),
    (47, 'Doloremque natus consequatur iure doloribus unde.', 'Quae hic fugiat. Voluptates fugit non repudiandae. Quia delectus a molestias cupiditate cum. Reiciendis necessitatibus perferendis aperiam. Sit expedita ex quod rem quaerat.', 55, 4, 47, 2, '2024-02-15T21:59:18'),
    (48, 'Magni veritatis tempore doloremque.', 'Doloremque minus unde tempora aliquam. Facilis doloribus quisquam. Accusantium non reiciendis possimus. Nemo unde praesentium fugiat quis impedit accusantium.', 76, 1, 48, 2, '2025-07-07T00:31:44'),
    (49, 'Aliquid esse est perspiciatis.', 'Accusantium ab hic quos. Doloribus voluptatum enim sunt. Quisquam ad error qui recusandae distinctio sunt at. Ipsa corrupti ullam excepturi.', 65, 2, 49, 1, '2024-11-30T20:19:36')
;

INSERT INTO "EDUTECH".DBO.MATRICULAS
    (ID, ID_ALUNO, ID_CURSO, ID_STATUS, DATA_MATRICULA, DATA_CONCLUSAO)
VALUES
    (1, 24, 17, 2, '2025-01-08T01:10:36', '2025-09-24T22:25:45'),
    (2, 22, 10, 2, '2024-12-02T20:02:18', '2025-09-13T18:27:01'),
    (3, 3, 9, 1, '2025-09-11T14:51:01', NULL),
    (4, 21, 14, 2, '2024-11-07T02:38:33', '2024-11-21T20:39:33'),
    (5, 9, 8, 3, '2025-06-17T11:30:39', NULL),
    (6, 9, 18, 2, '2025-03-23T23:55:16', '2025-04-04T17:55:05'),
    (7, 18, 11, 2, '2024-03-18T07:15:15', '2025-03-08T04:17:34'),
    (8, 22, 8, 2, '2024-07-13T01:05:46', '2024-08-21T04:28:29'),
    (9, 20, 7, 2, '2024-09-14T18:11:31', '2024-10-06T00:24:54'),
    (10, 1, 19, 1, '2023-07-24T07:12:16', NULL),
    (11, 25, 16, 3, '2023-09-06T01:13:47', NULL),
    (12, 17, 2, 2, '2025-01-07T13:59:51', '2025-02-20T05:47:38'),
    (13, 4, 16, 2, '2024-02-10T12:13:33', '2024-06-16T10:50:21'),
    (14, 5, 15, 2, '2025-06-24T15:18:26', '2025-10-03T17:23:30'),
    (15, 12, 13, 2, '2024-06-04T04:34:24', NULL),
    (16, 30, 15, 2, '2024-11-21T14:36:56', '2025-06-13T13:19:59'),
    (17, 29, 9, 2, '2025-03-18T06:06:42', NULL),
    (18, 9, 17, 2, '2024-05-08T07:58:46', '2024-12-31T16:57:30'),
    (19, 25, 5, 3, '2024-05-14T09:39:16', NULL),
    (20, 7, 2, 2, '2023-12-14T19:14:49', NULL),
    (21, 28, 14, 2, '2023-08-22T10:30:28', '2024-04-28T14:52:21'),
    (22, 13, 13, 2, '2023-11-04T07:48:35', NULL),
    (23, 10, 19, 1, '2023-08-05T13:57:51', NULL),
    (24, 2, 10, 2, '2023-06-06T01:27:57', '2025-01-17T18:52:14'),
    (25, 30, 11, 2, '2023-11-03T04:27:26', '2023-12-20T09:11:13'),
    (26, 19, 8, 1, '2025-09-28T04:08:35', NULL),
    (27, 2, 16, 3, '2024-05-01T11:43:00', NULL),
    (28, 17, 2, 1, '2024-08-17T23:21:46', NULL),
    (29, 2, 8, 1, '2024-10-23T02:29:16', NULL),
    (30, 4, 13, 2, '2025-05-22T12:03:18', '2025-09-04T17:41:11'),
    (31, 25, 8, 2, '2023-09-15T22:28:49', '2024-06-01T19:02:01'),
    (32, 28, 8, 2, '2025-03-14T07:11:29', '2025-08-27T23:37:37'),
    (33, 19, 1, 2, '2024-08-09T01:33:44', '2025-08-13T23:53:27'),
    (34, 24, 10, 2, '2023-12-19T18:03:08', NULL),
    (35, 28, 14, 3, '2025-07-11T11:45:41', NULL),
    (36, 20, 5, 1, '2024-06-20T10:53:51', NULL),
    (37, 25, 8, 2, '2023-08-10T15:04:32', '2023-11-16T11:46:49'),
    (38, 8, 1, 3, '2024-03-23T21:48:38', NULL),
    (39, 5, 14, 3, '2023-03-17T13:06:15', NULL),
    (40, 14, 5, 2, '2023-12-18T03:00:48', '2024-11-18T23:25:32'),
    (41, 11, 2, 1, '2023-04-16T18:35:03', NULL),
    (42, 15, 14, 2, '2024-03-27T04:42:18', '2024-12-10T16:36:13'),
    (43, 15, 19, 2, '2025-04-21T09:30:35', '2025-05-24T03:02:53'),
    (44, 22, 20, 2, '2023-04-30T09:53:44', '2025-10-11T02:58:56'),
    (45, 14, 15, 3, '2025-06-25T14:57:02', NULL),
    (46, 28, 7, 2, '2025-07-27T17:22:08', NULL),
    (47, 27, 10, 2, '2024-05-28T06:43:13', NULL),
    (48, 28, 15, 2, '2024-07-30T16:53:51', '2025-04-16T07:26:26'),
    (49, 23, 4, 1, '2025-03-30T07:06:52', NULL),
    (50, 28, 14, 3, '2024-11-02T05:56:58', NULL),
    (51, 28, 12, 2, '2023-04-21T10:24:53', NULL),
    (52, 22, 10, 2, '2024-10-01T17:31:17', '2025-09-21T18:51:21'),
    (53, 15, 7, 3, '2025-05-02T17:07:46', NULL),
    (54, 23, 15, 3, '2024-02-22T15:48:01', NULL),
    (55, 21, 6, 2, '2023-05-12T23:54:04', '2025-07-23T13:59:45'),
    (56, 30, 4, 2, '2025-09-05T02:44:46', '2025-10-10T02:06:48'),
    (57, 1, 17, 2, '2024-02-16T07:26:21', '2025-02-17T05:20:29'),
    (58, 16, 6, 2, '2025-08-22T14:40:57', '2025-09-01T05:45:26'),
    (59, 2, 16, 3, '2025-05-02T03:12:20', NULL),
    (60, 18, 16, 2, '2024-11-10T18:17:12', NULL),
    (61, 27, 11, 2, '2023-11-09T10:17:22', NULL),
    (62, 19, 5, 2, '2024-05-29T09:11:08', '2024-10-19T14:39:44'),
    (63, 21, 15, 2, '2023-08-01T01:47:09', '2023-10-31T06:20:00'),
    (64, 22, 11, 1, '2025-08-12T18:10:52', NULL),
    (65, 5, 5, 1, '2023-12-25T08:29:45', NULL),
    (66, 11, 19, 2, '2024-06-29T04:34:41', '2024-10-04T20:34:57'),
    (67, 9, 16, 2, '2023-04-03T13:58:07', '2023-11-02T23:31:44'),
    (68, 7, 16, 1, '2024-08-27T14:58:02', NULL),
    (69, 28, 17, 2, '2024-01-14T18:09:23', '2024-10-09T10:01:38'),
    (70, 8, 14, 2, '2023-10-25T20:58:08', '2024-11-19T17:34:39'),
    (71, 29, 20, 2, '2024-12-10T06:10:57', '2025-09-19T07:48:05'),
    (72, 5, 16, 2, '2024-11-08T11:43:59', '2025-03-29T22:38:38'),
    (73, 16, 16, 2, '2024-06-20T14:14:40', '2025-10-14T23:56:25'),
    (74, 9, 3, 1, '2024-10-11T10:21:37', NULL),
    (75, 27, 16, 2, '2024-11-19T21:26:11', '2025-09-11T11:23:02'),
    (76, 10, 5, 1, '2023-10-15T04:07:06', NULL),
    (77, 16, 15, 1, '2023-01-12T17:09:07', NULL),
    (78, 7, 14, 1, '2024-01-13T00:07:02', NULL),
    (79, 10, 10, 2, '2024-08-30T15:08:19', '2025-10-01T06:20:10'),
    (80, 24, 10, 2, '2025-09-06T15:00:51', '2025-09-11T05:30:02')
;

INSERT INTO "EDUTECH".DBO.PROGRESSO_AULAS
    (ID, ID_MATRICULA, ID_AULA, CONCLUIDO, DATA_CONCLUSAO, CONCLUIDO)
VALUES
    (1, 22, 30, true, '2025-02-05T07:23:30', true),
    (2, 49, 8, false, NULL, false),
    (3, 34, 24, true, '2024-01-26T01:57:54', true),
    (4, 41, 3, true, '2023-09-24T02:38:34', true),
    (5, 45, 36, true, '2025-07-26T22:15:44', true),
    (6, 48, 36, false, NULL, false),
    (7, 59, 37, false, NULL, false),
    (8, 19, 10, true, '2024-10-12T01:08:39', true),
    (9, 66, 46, true, '2024-09-27T03:15:32', true),
    (10, 22, 31, true, '2025-01-07T22:39:16', true),
    (11, 20, 3, true, '2024-01-18T07:51:57', true),
    (12, 64, 26, true, '2025-08-23T13:31:07', true),
    (13, 16, 35, false, NULL, false),
    (14, 67, 37, true, '2025-05-03T13:58:52', true),
    (15, 10, 46, false, NULL, false),
    (16, 15, 29, false, NULL, false),
    (17, 46, 17, false, NULL, false),
    (18, 9, 17, false, NULL, false),
    (19, 37, 19, false, NULL, false),
    (20, 47, 24, false, NULL, false),
    (21, 11, 37, false, NULL, false),
    (22, 48, 35, false, NULL, false),
    (23, 47, 24, false, NULL, false),
    (24, 51, 27, true, '2025-01-03T02:30:39', true),
    (25, 11, 38, false, NULL, false),
    (26, 78, 34, true, '2024-06-14T00:21:14', true),
    (27, 38, 1, true, '2024-07-08T18:55:03', true),
    (28, 37, 18, false, NULL, false),
    (29, 63, 35, true, '2025-09-19T08:56:52', true),
    (30, 58, 14, false, NULL, false),
    (31, 79, 23, false, NULL, false),
    (32, 2, 24, true, '2025-02-12T03:39:47', true),
    (33, 5, 18, false, NULL, false),
    (34, 79, 24, false, NULL, false),
    (35, 16, 35, true, '2024-12-27T20:03:13', true),
    (36, 52, 23, true, '2025-02-16T12:41:05', true),
    (37, 61, 25, true, '2025-07-30T11:53:14', true),
    (38, 53, 15, false, NULL, false),
    (39, 1, 40, true, '2025-07-31T15:57:09', true),
    (40, 76, 10, false, NULL, false),
    (41, 10, 46, false, NULL, false),
    (42, 52, 23, true, '2025-04-19T21:11:32', true),
    (43, 12, 3, false, NULL, false),
    (44, 47, 24, false, NULL, false),
    (45, 27, 39, true, '2025-03-30T23:52:49', true),
    (46, 17, 21, false, NULL, false),
    (47, 63, 35, true, '2024-07-05T19:00:33', true),
    (48, 67, 39, true, '2025-01-17T13:22:49', true),
    (49, 37, 20, false, NULL, false),
    (50, 26, 19, false, NULL, false),
    (51, 27, 39, false, NULL, false),
    (52, 54, 36, false, NULL, false),
    (53, 24, 24, true, '2024-01-30T04:18:17', true),
    (54, 10, 47, false, NULL, false),
    (55, 52, 23, true, '2024-12-04T15:21:50', true),
    (56, 20, 4, true, '2024-02-25T22:25:10', true),
    (57, 43, 46, true, '2025-09-08T05:12:19', true),
    (58, 42, 32, false, NULL, false),
    (59, 33, 1, false, NULL, false),
    (60, 45, 36, true, '2025-08-07T12:29:44', true),
    (61, 11, 39, false, NULL, false),
    (62, 2, 24, true, '2025-01-28T05:55:06', true),
    (63, 48, 36, true, '2025-04-20T22:40:11', true),
    (64, 35, 32, false, NULL, false),
    (65, 7, 25, true, '2024-06-02T15:22:34', true),
    (66, 40, 10, false, NULL, false),
    (67, 1, 41, true, '2025-08-01T09:03:34', true),
    (68, 58, 12, false, NULL, false),
    (69, 1, 40, false, NULL, false),
    (70, 18, 41, false, NULL, false),
    (71, 20, 4, false, NULL, false),
    (72, 2, 23, false, NULL, false),
    (73, 22, 30, true, '2025-01-10T20:41:26', true),
    (74, 44, 49, true, '2023-09-03T16:21:05', true),
    (75, 37, 20, false, NULL, false),
    (76, 33, 2, false, NULL, false),
    (77, 64, 26, false, NULL, false),
    (78, 36, 10, false, NULL, false),
    (79, 69, 40, false, NULL, false),
    (80, 33, 1, true, '2025-09-03T22:20:29', true)
;

INSERT INTO "EDUTECH".DBO.AVALIACOES
    (ID, ID_CURSO, ID_MATRICULA, NOTA, COMENTARIO, DATA_AVALIACAO)
VALUES
    (1, 2, 41, 3, 'Laborum dolor optio expedita quasi fuga maxime. Et tempore eos enim distinctio explicabo dignissimos. Nam quod ullam voluptatem. Vel blanditiis necessitatibus modi itaque exercitationem error. Dolorem eum exercitationem soluta voluptatum quibusdam aut. Quae possimus placeat aliquid dignissimos cumque reprehenderit. Minima assumenda doloremque. Et maxime distinctio totam suscipit at. Aliquam animi animi natus dolorem accusamus id.', '2023-06-04T17:31:08'),
    (2, 14, 39, 2, 'Aliquam maiores aspernatur similique laborum perspiciatis. Voluptas commodi iusto adipisci. Inventore occaecati in nemo voluptatem beatae facilis. Enim quibusdam fugiat nemo vitae a. Asperiores soluta dignissimos harum molestias praesentium. Ab id voluptatem iure impedit mollitia vitae ullam. Ipsam perspiciatis exercitationem earum rerum in voluptate. Laborum temporibus inventore alias veniam. Officiis velit similique labore fugiat.', '2023-08-14T21:59:15'),
    (3, 16, 59, 2, 'Saepe dolores eum occaecati sed fuga magni. Atque saepe tempora nemo. Inventore hic doloremque sequi suscipit hic earum corporis. Asperiores debitis cumque neque numquam. Velit maiores autem perspiciatis. Provident qui nam ducimus nemo qui earum. Officiis dicta quaerat officiis aperiam accusamus corrupti. Porro nostrum at aspernatur dolorem ad. Voluptas sapiente minus similique ipsa. Dolor sapiente sit nesciunt commodi. Tempore voluptatibus unde quod perferendis.', '2024-08-30T14:20:55'),
    (4, 18, 6, 2, 'Repellat sapiente eos sunt rerum possimus voluptas. Deserunt unde dolorem deserunt qui voluptas. Est excepturi quis quas. Dolore dolorem nesciunt id quasi expedita officiis. Deserunt harum voluptate ipsam nesciunt soluta debitis. Placeat nam suscipit perspiciatis non nesciunt iure. Eum fugiat fugiat placeat quis tempora. Cupiditate laboriosam incidunt eveniet eum. Incidunt quisquam eligendi dolor ex. Ullam commodi amet. Ullam possimus aperiam totam assumenda.', '2024-09-24T16:32:18'),
    (5, 18, 6, 4, 'Eum alias in aspernatur tenetur. Possimus atque asperiores tempore nam assumenda possimus. Accusantium nobis voluptatum alias nulla consequatur corporis. Est molestias nesciunt saepe corrupti expedita animi. Cum quia quas debitis nostrum error. Cupiditate voluptas aperiam nobis. Molestias alias assumenda praesentium expedita deserunt blanditiis. Sunt laborum autem aliquid in consectetur. Saepe nesciunt laboriosam laboriosam voluptas sunt.', '2023-10-22T13:46:18'),
    (6, 6, 55, 4, 'Officia quas blanditiis eaque dolor. Eos enim sint beatae aperiam eos corporis. Velit labore ipsam dolor. Modi tempore fugiat tempore. Sed similique laborum a pariatur veritatis quo. Voluptate ipsa perspiciatis nisi. Adipisci eum perferendis quibusdam doloremque voluptatem earum quisquam. Sapiente mollitia saepe numquam. Autem sapiente impedit accusamus nihil voluptatibus quae. Temporibus praesentium assumenda culpa ad quod quasi. Enim explicabo voluptate sit.', '2023-11-28T08:06:37'),
    (7, 1, 33, 4, 'Placeat architecto aliquam est repudiandae. Ad aut mollitia voluptas repudiandae. Officiis labore magni animi asperiores voluptate eius eius. Iusto aspernatur provident nam commodi dolorum neque. Nihil provident eaque sunt delectus architecto. Natus eligendi nesciunt et. Omnis harum quidem. Delectus enim ipsa. Veritatis repellendus at iure et. Ullam fuga molestiae. Neque nostrum excepturi consequuntur quos quidem.', '2023-04-03T15:35:23'),
    (8, 8, 5, 5, 'Quam sapiente magni dolores ullam velit. Beatae voluptates libero vitae quibusdam possimus. Laudantium animi eaque tempora vitae. Molestias voluptates adipisci rem. Voluptate atque earum. Possimus necessitatibus expedita numquam itaque odit error. Ipsum quo harum nobis veniam nemo. Et animi suscipit amet perferendis. Libero nemo nam nihil maiores. Nobis incidunt laudantium et debitis. Sunt officiis deleniti explicabo iure.', '2025-01-26T01:55:21'),
    (9, 6, 58, 5, 'Non possimus impedit nobis veniam odit odit. Sapiente alias sequi reprehenderit dolore placeat. Aperiam earum neque temporibus id voluptas. Inventore atque deserunt odio maxime aut. Incidunt est recusandae optio ea enim. Aut earum harum eos necessitatibus. Quibusdam est ullam aspernatur velit. Perferendis reprehenderit veritatis qui laborum optio repellat. Hic vel quibusdam dolorum. Est dignissimos modi quidem.', '2024-11-15T16:24:19'),
    (10, 15, 48, 1, 'Reprehenderit repellendus perspiciatis quo. Tenetur ipsam tenetur velit ipsum possimus. Recusandae molestiae vel commodi architecto. Reiciendis quidem dignissimos perferendis quos ad. Rem perferendis alias laudantium ipsa libero veniam. Nesciunt velit fuga blanditiis beatae fugit. Pariatur deserunt dicta est reiciendis totam. Modi deleniti odit dolores.', '2023-09-01T10:05:34'),
    (11, 10, 34, 4, 'Aliquam officia provident quis ipsam. Ipsa veniam possimus ducimus optio vel vel. Sed reiciendis perspiciatis quisquam. Velit ipsum quisquam voluptas ipsam quibusdam magni nesciunt. Adipisci ullam aut provident reprehenderit aut cupiditate. Error vitae quam odit. Numquam saepe maxime consequuntur nisi. Omnis explicabo quaerat repellat. Accusantium architecto deserunt ab. Saepe at quasi facilis. Quod et tempora. Quibusdam voluptatum possimus. Culpa velit error minima asperiores fugiat rem cum.', '2025-08-26T03:49:18'),
    (12, 16, 67, 3, 'Dolores corporis doloribus nisi perferendis sapiente nihil doloribus. Tempora laudantium explicabo nesciunt. Consequuntur aspernatur assumenda nesciunt quas. Placeat quis excepturi quam adipisci. Numquam eaque architecto minima. Vel qui officiis deleniti praesentium. Pariatur fuga expedita nulla amet quibusdam. Omnis ut sapiente. Nulla iure quidem. Suscipit natus voluptatum doloremque tenetur praesentium debitis. Minima architecto voluptates earum ut.', '2025-01-30T12:31:09'),
    (13, 5, 36, 4, 'Voluptatum harum a dolorum labore. Accusamus ullam distinctio. Id accusamus nulla officiis facere ipsum. Labore at ab quod. Officiis sequi quos voluptates expedita quasi ab. Modi ipsam quod eaque. Itaque nam commodi occaecati totam deleniti. Suscipit reiciendis non fugiat dignissimos. At explicabo mollitia veniam repudiandae. Voluptatibus iure quia corporis. Non neque molestias neque odit.', '2023-02-22T17:08:03'),
    (14, 16, 27, 3, 'Ex consequuntur sunt iste. Exercitationem ea velit suscipit vitae eum commodi illo. Nobis voluptatibus autem debitis quasi praesentium neque atque. Repellat id dolore nemo officiis sed maiores. Ab cupiditate voluptas doloremque mollitia. Harum numquam sint sunt. Laudantium accusantium nesciunt quas. Nulla dolores aspernatur asperiores delectus. Placeat est harum ratione animi quis officiis. Praesentium adipisci eveniet dolor corporis quasi ad voluptatibus. Soluta fuga vero nihil sed.', '2023-11-22T04:14:15'),
    (15, 13, 30, 3, 'Laboriosam nobis minus ipsa quaerat voluptate incidunt. Est possimus dolore. Totam dolorem debitis facere repellat minus magni. Amet atque qui asperiores dolorum ratione ipsum. Est sunt quis rerum perspiciatis quas. Recusandae nam dolore. Delectus ducimus optio tempora iure. Dolores aliquam adipisci excepturi soluta. Officia neque aperiam laboriosam minus. Illo vero vero voluptas. Odit tenetur suscipit illo dolores nobis ex officia. Voluptas sunt error earum consequuntur sapiente.', '2023-06-01T22:04:45'),
    (16, 14, 70, 5, 'Esse optio ipsa incidunt. Quibusdam fugit nemo laborum eveniet eaque enim. Quis nesciunt neque cupiditate tempore culpa earum. Beatae ipsa nulla officiis quod blanditiis. Nesciunt corrupti nisi esse deleniti neque. Cumque quisquam totam ex vero deserunt. Corporis rem doloremque earum illo quia illum. Nesciunt nam facere possimus ullam impedit. Optio voluptatibus eius nostrum. Laboriosam voluptates quod officiis debitis cupiditate consequuntur saepe.', '2023-02-11T12:21:16'),
    (17, 20, 71, 2, 'Cupiditate suscipit delectus cumque modi laboriosam magni sit. Magnam sapiente ratione culpa. Deleniti illum iusto. Voluptatum id modi quos magni hic. Blanditiis nihil sed autem cumque voluptas. Laboriosam fugiat doloribus ipsam minus officiis maxime nam. Ut fugit aspernatur in. Commodi vero id adipisci quia eos. Magni repellendus aspernatur qui necessitatibus itaque pariatur molestias. Explicabo itaque explicabo illum ducimus ex.', '2024-12-28T18:14:30'),
    (18, 3, 74, 4, 'Provident atque odio amet incidunt velit. Quaerat in accusantium reiciendis id consectetur dolorum. Deserunt praesentium quasi modi praesentium laudantium delectus. Assumenda quisquam pariatur. Odit facilis iure quas quidem enim praesentium. Ea voluptate quas incidunt sed doloribus. Labore pariatur minus deleniti excepturi. Eum voluptates ut earum non vitae vero dignissimos. Ab illo voluptatem alias in et. Aut velit quos tenetur. Libero reiciendis maxime doloremque eos quam.', '2024-02-12T16:17:28'),
    (19, 19, 23, 4, 'Sequi ex reiciendis. Sunt incidunt rerum quaerat. Dolorem recusandae animi quia. Natus ipsam voluptatibus quis. Natus laudantium quidem aliquam. Perferendis sed quo incidunt ex. Vitae nostrum ea quae voluptates pariatur nulla. Rem recusandae sint suscipit eaque aperiam dolor. Sint adipisci deserunt non. Voluptate corrupti repellendus debitis. Tenetur fuga similique assumenda veniam provident repellendus. Commodi delectus corporis expedita fuga.', '2023-11-27T09:43:16'),
    (20, 14, 50, 4, 'Facilis atque eius odit natus error. Consequatur eius soluta sunt vitae sit pariatur. Rerum quae magni consectetur voluptatibus tempora. Consectetur asperiores distinctio cumque placeat ea. Laboriosam neque hic. Sequi quidem quam quis voluptate eveniet. Reiciendis maiores commodi molestias. Harum ea necessitatibus iusto dolore. Est suscipit vero officia quaerat. Odit recusandae incidunt modi aliquam tenetur nihil temporibus. Iste aspernatur perferendis reiciendis. Officia eius itaque.', '2024-04-17T22:10:12'),
    (21, 10, 2, 2, 'Asperiores dicta perspiciatis eveniet pariatur sint pariatur. Officiis reprehenderit ex ad quia debitis facere. Atque a ex pariatur rerum. Qui eos similique necessitatibus sapiente. Deleniti doloremque itaque sunt in. Corrupti quas similique consequuntur non veritatis. Odit voluptatem nesciunt. Maxime et eveniet ducimus quis. Porro cumque necessitatibus ut. Dicta eos assumenda doloremque eaque. Adipisci animi repellendus culpa praesentium esse. Consequuntur aliquam natus praesentium est.', '2024-05-17T05:02:35'),
    (22, 14, 42, 5, 'Praesentium aut culpa veniam dolores consequatur consequatur. Necessitatibus consequatur adipisci. Repudiandae fuga voluptatum saepe temporibus officia. Tenetur totam accusantium voluptatum aut nam consectetur. Sapiente excepturi ipsam libero perspiciatis. Magni eum aliquid incidunt consequatur ipsa asperiores mollitia. Quisquam facilis neque inventore sequi delectus atque. Incidunt hic provident blanditiis explicabo neque sed.', '2023-10-12T07:27:13'),
    (23, 17, 69, 1, 'Repellendus nesciunt eius repellendus accusantium. Labore dolore eos ut officiis. Distinctio cupiditate non veniam neque possimus. Eaque optio quae aliquid. Natus ab hic esse at ut. Asperiores voluptates ratione. Ut vitae esse officia iste suscipit delectus. Dolore doloribus voluptatem perferendis cupiditate tenetur. Ea laboriosam impedit quasi assumenda rerum. Ipsam ipsum facilis impedit eligendi.', '2024-12-02T06:38:17'),
    (24, 15, 48, 2, 'Occaecati eos sunt quam distinctio suscipit. Voluptates sequi sed animi autem rerum. Architecto ducimus cupiditate corporis. Minima quia nesciunt natus. Adipisci ratione labore nesciunt corporis natus vel excepturi. Praesentium architecto consequuntur deleniti similique facere. Ducimus quos quisquam reiciendis. Officiis repudiandae perferendis aliquam esse. Sit consequuntur aliquid veniam officia facilis.', '2024-04-12T09:40:07'),
    (25, 11, 61, 3, 'Eveniet animi in aliquid explicabo quibusdam. Laborum illum ut mollitia earum dignissimos quod. Dolorum reprehenderit esse ut eveniet sapiente nisi. Hic laudantium esse totam. Mollitia praesentium iure quidem. Illum distinctio nemo recusandae. Nihil quos sunt nesciunt earum. Quasi quis ex. Dolorum adipisci consectetur temporibus. Eum asperiores alias fugit beatae. Ad optio fugiat distinctio laborum modi nihil. Nulla nostrum fuga officia neque at odio molestiae.', '2023-12-18T08:13:59'),
    (26, 7, 53, 5, 'Quod eligendi tempore ab quidem. Nesciunt delectus doloribus repellendus laborum nobis rem. Magni minus deserunt dolorum cupiditate. Accusantium iusto eligendi cupiditate accusantium debitis aspernatur. Sed aut officiis. Optio doloremque quo tempora vel. Nihil recusandae ipsa dicta debitis. Quidem id a dolorem cum. Excepturi quidem dolore magni. Ratione voluptatibus voluptas voluptatem eveniet. Ratione facere consequuntur facere iusto. Sequi ipsum amet eaque. Praesentium porro maiores ab.', '2024-06-06T00:41:29'),
    (27, 15, 54, 4, 'Rem dolorum neque. Aliquid distinctio necessitatibus veritatis. Nisi blanditiis placeat ut necessitatibus excepturi. Exercitationem numquam quibusdam optio corrupti. Tempore voluptatem nesciunt ipsam reprehenderit exercitationem quisquam non. Corporis omnis ipsam blanditiis adipisci. Repudiandae placeat delectus sequi a et. Accusantium ratione eos asperiores. Quidem odio corrupti quaerat voluptatibus. Iusto asperiores soluta numquam nesciunt earum fugiat.', '2025-07-12T01:58:19'),
    (28, 2, 41, 4, 'Quae perspiciatis doloribus rem. Id tempore eius assumenda sapiente. Quam dolorum facere necessitatibus voluptatibus debitis possimus. Architecto repellat omnis iste. Laborum amet aperiam sed minima pariatur. Accusamus vero labore a dolor provident. Unde deleniti dolor laborum. Enim dicta dolorem. Vel reprehenderit repellat tempora. Neque fugit similique repudiandae. Debitis molestias reprehenderit deserunt. Occaecati quae nihil incidunt quo debitis possimus fugiat.', '2025-09-24T15:21:46'),
    (29, 9, 3, 2, 'Esse rerum expedita reprehenderit similique autem recusandae. Alias fugit magnam quisquam quibusdam minima neque. Sequi repudiandae recusandae dolorem. Ea a consectetur nesciunt ullam incidunt ut accusamus. Vero unde quaerat tempora nisi dicta. Eum modi sit veritatis. Excepturi nesciunt suscipit. Veniam mollitia voluptatibus quasi in tempore. Dicta voluptatibus dolores repellendus illum aspernatur culpa. Libero soluta velit eum sapiente.', '2024-12-06T17:26:32'),
    (30, 2, 28, 1, 'Provident autem minima perferendis sequi laborum ullam consectetur. Vero temporibus et ipsum quasi. Numquam magnam rem neque illum. A necessitatibus facilis. Quisquam ullam doloremque quas culpa. Perspiciatis minus tempora tenetur modi. Possimus dolorem ducimus repellendus cum. Aspernatur eos aut. Ab dignissimos tenetur quas optio quae eveniet.', '2025-10-05T17:09:59'),
    (31, 16, 59, 3, 'Quibusdam fuga quidem blanditiis. Natus perspiciatis necessitatibus molestiae. Modi quis illum totam iure asperiores reprehenderit. Eaque officiis totam quis id. Iure odit doloremque quibusdam provident. Soluta ullam excepturi sint fugiat libero. Rem architecto voluptate eum odio perferendis autem. Id nulla iusto aliquid adipisci distinctio esse nobis. Aliquid commodi quisquam veniam pariatur nam molestiae nobis.', '2023-09-14T16:07:03'),
    (32, 15, 63, 2, 'Officia minima voluptatum quaerat aliquam labore sit. Veritatis incidunt ullam aperiam veniam. Distinctio nam maiores. Doloribus quas iusto cum incidunt laudantium molestias. Nulla at rem voluptates eaque repellendus. Dolore ipsum repellendus tenetur. Labore praesentium nesciunt. Praesentium adipisci dolor ratione. Voluptates sequi quas. Quas maiores vero reiciendis totam quasi. Magnam eius reiciendis tempora corporis repellat maiores. Commodi dignissimos deleniti ut.', '2024-10-16T03:18:32'),
    (33, 11, 61, 1, 'Sed quisquam unde sapiente. Voluptates illo debitis non tempora. Iusto labore nemo aliquid. Aliquid expedita nesciunt quasi sit. Ut voluptatum aperiam aperiam ipsum neque tenetur. Aperiam voluptatum iste non consequuntur voluptate facere. Totam sapiente sapiente ducimus reiciendis adipisci pariatur excepturi. Ratione quae sit laboriosam aperiam harum nam. Nihil tempora dolore quidem nemo.', '2024-10-14T13:05:33'),
    (34, 13, 15, 1, 'Quia iusto corrupti neque. Quaerat aperiam sunt illum. Illum iste perspiciatis cumque. Perspiciatis rerum quos atque vero exercitationem. Quo earum enim illum odio. Accusamus maxime facilis aliquid. Quisquam voluptates corrupti velit possimus expedita cupiditate id. Enim corporis deserunt magni quidem natus. Cupiditate alias inventore at aspernatur. Dolor facilis ipsa possimus libero nam. Minima beatae error corporis minima non.', '2025-07-18T16:22:33'),
    (35, 14, 4, 3, 'Dolorem quas aliquam voluptates. Libero voluptates architecto enim. Nihil labore quam inventore corporis. Dolore neque accusantium quasi dolorum dolor. Eaque eos dolor quod. Perspiciatis aut beatae perspiciatis quam nulla repudiandae. Voluptates asperiores nihil deleniti facilis eligendi id. Veniam repellendus consequatur impedit aliquam distinctio consequatur. Omnis et quis voluptas eveniet eius vitae ducimus. Et earum minus laborum voluptas natus harum. Et sequi maxime atque.', '2023-01-14T20:21:18'),
    (36, 2, 28, 3, 'Consectetur ullam earum ipsam temporibus eum. Exercitationem iure a nemo. Id temporibus a nobis veniam maiores expedita quae. Distinctio fuga unde. Quae repudiandae laborum eius laboriosam. Consectetur quaerat nemo ea. Minus nihil explicabo pariatur nostrum ex. Fuga neque repellat est aspernatur. Quaerat id consequatur tenetur. Itaque nisi impedit odio natus. Unde saepe accusamus a. Voluptatibus perspiciatis tempora sapiente nemo.', '2024-02-13T23:52:07'),
    (37, 18, 6, 1, 'At iste hic error eaque. Fugit ex corrupti atque. Quos aut impedit quibusdam harum labore. Beatae asperiores animi fugit porro dolorum ab. Enim fugiat voluptatum inventore iste et. Necessitatibus minima blanditiis voluptate totam aperiam. Mollitia architecto dignissimos ipsam praesentium illum. Ab aliquam corporis incidunt fugit. Doloremque a enim eum consectetur. Voluptate perferendis vel eum.', '2024-07-30T20:51:06'),
    (38, 10, 24, 5, 'Libero hic similique unde. Nulla assumenda recusandae facere exercitationem recusandae. Sunt at harum autem. Quisquam dolores dolore corrupti modi vel sunt. Laborum aliquid molestias labore pariatur voluptatum quam earum. Reprehenderit molestias aperiam quas. Qui neque quisquam dolor architecto corporis. Laudantium ex at totam eum perferendis. Non libero labore aspernatur ipsum voluptatem. Ut nesciunt recusandae atque in itaque.', '2024-12-07T03:31:28'),
    (39, 8, 32, 1, 'Veniam reiciendis unde nemo. Quae debitis exercitationem distinctio. Libero ullam atque ex vero. Tempore perferendis magni. Recusandae enim consequuntur provident iure. Corrupti animi quidem earum aliquam excepturi. Earum rem minima ipsa. Facere eligendi temporibus placeat alias explicabo eligendi vitae. Odio enim pariatur aperiam alias veritatis. Eaque saepe magni. Accusamus dolore accusamus eveniet atque. Unde deleniti voluptatem optio consequuntur vitae fugiat.', '2024-04-01T23:26:13'),
    (40, 10, 52, 1, 'Omnis porro amet asperiores deleniti. Commodi repudiandae commodi maiores possimus. Aut laboriosam omnis cum autem enim repudiandae facere. Pariatur dolorum officia sed cumque voluptatibus minima culpa. Deserunt eaque impedit optio mollitia temporibus sequi mollitia. Quisquam occaecati porro. Nam iste sunt at.', '2025-01-04T00:13:14'),
    (41, 2, 28, 1, 'Numquam fugit magnam blanditiis error illo. Soluta voluptate aliquam deserunt saepe. Beatae labore rerum laudantium debitis. Sunt autem illum exercitationem necessitatibus. At voluptate magni ipsa labore. Voluptate quo placeat nihil quibusdam repellat modi. Quaerat hic porro accusantium. Eaque dicta voluptas pariatur fuga. Ipsa cupiditate dolores error reprehenderit tempora veniam accusantium. Nemo blanditiis perferendis ex deserunt.', '2023-05-01T16:32:43'),
    (42, 16, 73, 3, 'Impedit enim at aspernatur dicta deserunt. Praesentium dicta odio provident quos totam excepturi. Tenetur amet nisi beatae et excepturi. Exercitationem sunt iusto alias corporis porro alias. Qui corporis voluptatibus modi sunt amet ratione. Enim suscipit adipisci commodi iure repellendus porro. Perferendis quisquam veniam accusantium reiciendis id.', '2023-11-07T08:06:24'),
    (43, 16, 68, 3, 'Maxime cum ad minima. Nesciunt unde animi laudantium consectetur non. Laudantium impedit id cupiditate sapiente laborum. Fuga numquam ratione impedit quaerat. Delectus corporis eum vero consequatur vitae labore. Ducimus voluptatibus ipsum excepturi ipsa. Totam tempora quia alias rerum quod fugit. Quos voluptatem debitis nemo voluptates. Accusantium quia similique fugiat maiores reiciendis. Ratione officiis sed magnam.', '2023-11-18T11:07:37'),
    (44, 8, 8, 1, 'Consequatur delectus sequi accusamus. Dolorum culpa aliquam doloremque magnam qui consequatur veniam. Excepturi possimus dolor unde nihil pariatur exercitationem odit. Modi est esse inventore ut iste. Facilis incidunt corrupti sint reiciendis quidem odit. Autem dolorum occaecati quam nihil reiciendis. Neque cupiditate accusantium vitae sit. Laborum molestias qui architecto hic aut. Unde sint ex porro labore cum fuga. Quo autem sed magni illum ratione.', '2023-07-09T04:01:42'),
    (45, 8, 37, 3, 'Consectetur nam numquam ea numquam odit. Odio dolores totam. Optio dolore placeat a id enim at. Magni ad quia similique ut. Culpa qui voluptas error eaque nisi. Nulla eligendi sed eaque. Architecto beatae consequatur nemo autem corrupti suscipit laudantium. Culpa odio atque id commodi. Impedit quaerat delectus animi sapiente dolores. Rem quidem iure suscipit commodi.', '2023-09-03T19:31:06'),
    (46, 8, 26, 4, 'Aliquam accusantium ea debitis. Officia possimus laudantium esse velit ex accusamus. Voluptas quas hic esse asperiores reiciendis velit. Similique ad velit esse. Recusandae voluptatem amet ab molestias voluptate quam. Sit soluta fuga maiores accusamus iste. Perferendis quia corporis harum culpa optio ullam cupiditate. Corrupti eveniet non animi facere.', '2024-06-29T00:38:15'),
    (47, 2, 20, 1, 'Consequuntur vitae incidunt fuga ab fugit odit quos. Necessitatibus culpa ullam quis nam molestiae magni. Rerum inventore odio voluptatibus aliquid explicabo reiciendis a. Neque sequi sed debitis cupiditate. Saepe earum eaque quam soluta fugiat dignissimos. Dolorem sapiente recusandae vel minima provident provident. Ut in provident iure nihil. Perspiciatis at est totam reiciendis totam illum.', '2025-07-21T20:55:47'),
    (48, 15, 77, 4, 'Facere corrupti neque tempora unde officia facere. Ipsa porro earum eum unde minus corrupti atque. Sit deleniti ipsa adipisci tenetur eos modi. Officiis incidunt doloremque dolor ipsam itaque laborum. Rerum temporibus libero incidunt exercitationem modi optio dolor. Temporibus eaque quidem quae quas provident at. Officiis voluptatum et placeat nostrum ducimus. Praesentium minus eius occaecati impedit odio optio. Perferendis assumenda quam consequatur qui. Iure possimus soluta at impedit.', '2024-08-24T06:36:44'),
    (49, 3, 74, 1, 'Inventore ipsam id. Voluptates quas id. Velit eos voluptatum deleniti quasi repellat fugit. Sequi dolore voluptas reprehenderit fugiat dolores distinctio. Distinctio soluta consequatur quidem atque fuga. Illum numquam quas quae ratione architecto. Nesciunt minima necessitatibus. Eos laudantium placeat exercitationem minima incidunt. Laborum laborum illo at nostrum illum.', '2023-07-28T06:14:10'),
    (50, 16, 59, 2, 'Ipsam rem dicta doloribus ab omnis praesentium. Deserunt nisi sequi laborum ipsum. Voluptates at odio architecto magnam tenetur. Animi tempora quasi. Corrupti provident esse repudiandae minima corporis. Quasi nesciunt excepturi praesentium. Tempora aut atque nobis mollitia praesentium. Soluta pariatur cupiditate voluptates necessitatibus nisi aliquid. Ullam maiores ducimus molestias explicabo. Numquam velit a perspiciatis. Reiciendis reprehenderit minima similique. Minus nisi illum fugit.', '2023-04-06T15:28:42'),
    (51, 16, 59, 4, 'Qui voluptatem asperiores cum. Sequi culpa eos tempore sequi eos quos. Explicabo fugit autem quia culpa nostrum. Libero mollitia iste quaerat impedit. Deserunt incidunt temporibus veritatis in. Delectus sint recusandae similique. Repudiandae doloribus quas quod odio magnam. Optio nulla doloremque voluptate repellat fugit labore ea. Maiores suscipit iure odit ullam exercitationem incidunt. At voluptatum perspiciatis quod minima ducimus perspiciatis possimus. Omnis in rem.', '2024-10-15T00:22:23'),
    (52, 2, 28, 3, 'Sint facere illo dicta atque repellat. Tempore excepturi expedita sed voluptas. Suscipit enim magni sed excepturi consequuntur minus. Tempora expedita minima facilis expedita nostrum. Id dicta pariatur iusto vitae amet neque. Accusantium dolor pariatur soluta voluptates culpa. Porro placeat corrupti corrupti exercitationem adipisci soluta. Officia officia accusantium praesentium. Deserunt quam facere ipsum quam cum. Repellendus adipisci ut labore vitae fugiat tenetur quas.', '2023-11-01T05:16:47'),
    (53, 11, 64, 5, 'Perferendis eaque soluta veniam enim. Minima vitae nemo. Et veniam minima quas assumenda enim. Temporibus facere totam adipisci sequi sequi sint. Ex eveniet distinctio vitae perspiciatis quo inventore. Dolorum quos aliquid accusamus. Esse voluptas delectus dicta soluta aut sequi. Voluptatum dignissimos debitis tenetur dolores qui ipsam. Laudantium voluptatem temporibus dolores ipsam. Saepe nemo et magnam corrupti. Sint at facere ipsa a pariatur iusto. Quas pariatur recusandae perspiciatis at.', '2024-05-14T04:37:15'),
    (54, 9, 17, 4, 'Quibusdam recusandae voluptatum ex eos voluptate. Possimus dolorum nemo. Nobis odio incidunt. Voluptates facilis at earum laboriosam. Facere eius totam possimus. Rem in pariatur expedita tempora eveniet consectetur. Praesentium recusandae sunt et excepturi magni vero magnam. Quod laudantium porro occaecati. Ipsam ullam accusamus nam aliquid enim aliquid impedit. Aliquam commodi in voluptatem expedita. Nobis ab nesciunt amet dignissimos itaque quas quis. Nam sunt ratione dolores earum officiis.', '2025-01-12T10:48:27'),
    (55, 5, 65, 2, 'Delectus doloribus neque numquam vero animi. Amet doloremque facilis molestiae rem hic. Occaecati sunt voluptatem. Exercitationem occaecati ducimus labore aliquid. Veniam corrupti vel quis fuga. Quasi dolorum pariatur dolor explicabo sed soluta. Nam sunt eos at natus unde. Perspiciatis illo facere tempora eum fuga illo. Atque tempora sapiente magnam alias consequatur iste. Voluptas blanditiis officiis eveniet dicta labore rerum. Voluptatum asperiores ad nostrum in error sit.', '2025-06-22T17:00:00'),
    (56, 15, 45, 2, 'Asperiores et error doloribus sint veniam. Iure voluptatibus quidem labore error quam quos. Vel aliquid sequi voluptatem vero. Cum laudantium at consectetur. Non assumenda illum ullam voluptate ratione reiciendis. Tempore laudantium facilis voluptatem. Autem voluptates repudiandae fuga quasi. Veniam dicta minima. Eius non vitae soluta porro. Ullam voluptate aperiam dolores quis iste provident. Delectus architecto tempore dolores eius enim minima unde.', '2023-10-11T20:47:24'),
    (57, 16, 73, 1, 'Sunt est non. Sit nemo tenetur amet ut. Quis iure magni. Quos perspiciatis alias asperiores. Nisi saepe facere suscipit quas quidem a. Reiciendis ullam autem error quia sint. Aut aut ad. Tempora necessitatibus aperiam sequi. Officiis voluptatem minus vero rem eum. Blanditiis rem praesentium eveniet illo ipsam quidem veniam. Cupiditate sint accusantium error porro. Saepe veritatis nihil error.', '2023-05-23T06:04:15'),
    (58, 10, 34, 4, 'Similique libero tempore blanditiis placeat cumque. Voluptatibus illo quaerat nulla quibusdam unde dolores reprehenderit. Officia repellendus ducimus necessitatibus sint beatae tempore. Cum optio fugit molestias ad aperiam ab cumque. Temporibus nemo ad corrupti aperiam distinctio. Consequatur doloribus iste asperiores autem soluta. Quis deserunt doloribus maiores inventore magnam pariatur. A blanditiis alias alias earum sint pariatur. Optio nesciunt ipsum velit placeat voluptatum aliquid.', '2023-04-28T02:51:07'),
    (59, 10, 2, 2, 'Et autem eius impedit blanditiis exercitationem. Ut vero quas unde fuga porro. Libero facilis temporibus saepe aliquam odit. Quas adipisci voluptate expedita. Animi numquam recusandae accusantium tempora omnis. Iure dolore eligendi corrupti velit alias maiores. Repellendus ipsam tenetur ipsum accusantium praesentium provident.', '2024-07-25T13:05:08'),
    (60, 17, 1, 3, 'Quisquam corporis adipisci deserunt modi incidunt esse. Incidunt placeat officia corrupti quo. Ipsa omnis cum aliquid adipisci. Tempore in vel minima doloribus doloremque esse. Veritatis facilis cupiditate. Maxime tenetur officiis velit ad velit. Voluptate inventore facere at. Culpa harum sed. Voluptas incidunt dolores ipsa eius accusamus. Nihil animi placeat. Excepturi optio et soluta reprehenderit. Nam dolorem molestias aliquam.', '2023-03-01T08:28:42'),
    (61, 17, 1, 3, 'Architecto illo dignissimos corrupti. Omnis id suscipit fugiat impedit. Consectetur magnam eligendi repellat deleniti quia doloremque. Nesciunt illo dolore suscipit suscipit. Nam optio molestiae necessitatibus soluta. Non eveniet eaque libero repellat. Nostrum necessitatibus tempora eum voluptates mollitia esse. Nam nesciunt earum pariatur quod. Perferendis dolore vel ea amet explicabo harum. Aspernatur cupiditate enim esse. Quod repellat ullam doloremque. Quod expedita recusandae.', '2024-11-08T14:17:25'),
    (62, 14, 35, 4, 'Nisi explicabo consequatur consequuntur hic. Officiis rem atque provident quo quasi. Impedit numquam enim officiis maxime odio. Suscipit qui quos fugit. Placeat voluptates numquam totam. Expedita recusandae maiores quidem itaque iure velit occaecati. Dolor quas perferendis porro. Fugiat tempora alias nemo. Placeat error provident voluptas molestiae aliquam.', '2024-04-02T11:11:29'),
    (63, 16, 68, 4, 'Soluta voluptas atque architecto beatae. Fuga et repellendus odio. Nam eligendi labore autem voluptate consequatur rem sint. Iusto quis cumque magni doloribus dolorum. Nihil ipsum amet amet ad voluptate quaerat. Neque autem saepe consectetur ea deleniti. Sint asperiores dolore asperiores adipisci. Perspiciatis nihil sunt libero autem vitae itaque. Quisquam corrupti sint eligendi alias fugit quasi. Sequi ea natus modi.', '2023-03-15T19:46:34'),
    (64, 17, 18, 5, 'Architecto voluptatibus beatae reprehenderit officia illum nihil. Aut sint corporis iste rem quia ullam. Et fugit explicabo odio sapiente natus. Aliquam animi quaerat omnis impedit ex. Doloribus accusamus doloremque nemo aliquid cumque adipisci. Atque quidem suscipit quisquam dolores corrupti. Sunt odit commodi. Quaerat possimus est quis natus. Ipsa praesentium quasi iure. Voluptas assumenda amet iusto molestias. Dicta quia repellat quas labore provident.', '2023-03-15T13:37:35'),
    (65, 13, 15, 1, 'Modi neque ducimus sunt recusandae delectus. Debitis dolorum eum voluptatem debitis inventore. Eveniet maiores occaecati sit animi vero expedita eligendi. Iusto quibusdam amet. Maiores esse tempora vitae. Quae veritatis temporibus officia eligendi. Tempore iure voluptate corrupti. Corporis cupiditate dolores et quia. Aut nisi aut voluptatum quaerat expedita delectus. Eum quasi nisi. Assumenda iste dignissimos illo illo voluptatem.', '2023-10-15T16:10:21'),
    (66, 14, 21, 3, 'Aliquid quo quia officia similique magnam. Reiciendis animi dolor cum aliquid nulla in. Tenetur nulla accusamus excepturi. Laboriosam harum officia officiis. Praesentium et cupiditate nesciunt. Non atque corrupti. Dolore eligendi blanditiis esse. Enim fugit illo inventore magni. Quibusdam optio deleniti. Eum dolorum corporis aperiam voluptatem vero distinctio. Inventore qui magnam id qui pariatur soluta. Facilis tempore maxime provident quod impedit eius. At illo quis delectus.', '2025-02-15T20:27:31'),
    (67, 6, 58, 4, 'Aut asperiores vitae nisi architecto. Minima ab corporis perferendis inventore voluptas architecto. Quos dicta repellendus perspiciatis aperiam veritatis. At et earum delectus adipisci. Laborum quod deleniti rerum. Iste dignissimos quod fuga cum consequuntur dicta. Ullam voluptate placeat autem atque soluta. Quis consequuntur debitis aliquid cum veniam voluptates fuga.', '2025-06-17T01:13:03'),
    (68, 14, 35, 5, 'Aliquam in eos suscipit. Praesentium impedit quasi assumenda odit ipsam. Iure labore laborum vel sequi velit. Impedit ipsa tempora dolore beatae beatae eum. Laboriosam doloribus quo nemo provident sapiente eligendi. Aliquam fugiat at dicta possimus. Magnam ullam aperiam voluptatum exercitationem. Aspernatur et inventore assumenda. Vitae hic reprehenderit animi voluptatibus asperiores nostrum. Ullam quos ad quod vero. Nisi soluta beatae odio.', '2025-09-16T16:37:00'),
    (69, 7, 9, 3, 'Asperiores excepturi expedita officiis illum. Fugiat et corporis nobis tenetur praesentium praesentium voluptas. Quos ipsa fugiat dolore. Sunt natus ea cum sit. Atque dolor praesentium nam libero. Repellat quaerat repudiandae laboriosam. Laudantium vitae quidem quo. Aspernatur eos itaque repudiandae pariatur officia quis. Eveniet quos amet quam nulla explicabo. Ea quae quis animi voluptates commodi explicabo. Iusto rem necessitatibus atque quam voluptatibus occaecati ducimus.', '2023-02-17T06:00:50'),
    (70, 5, 36, 2, 'Recusandae quia reprehenderit eligendi unde optio distinctio possimus. Labore quae ut officia porro itaque exercitationem. Sint harum sed ipsa. Cumque odit dolore tempora quo officiis hic. Quos laudantium quia nisi. Natus dicta fuga rem repellat cum nemo. Earum necessitatibus itaque saepe impedit quas. Quo saepe molestias laboriosam. Cupiditate rerum numquam veniam eum. Dignissimos facere eligendi quisquam doloribus beatae expedita.', '2025-05-20T05:47:33'),
    (71, 16, 59, 2, 'Vel officiis ipsam officiis vitae. Ipsum quod hic minima. Perferendis consequatur quisquam sit inventore praesentium atque. Fugiat autem eos harum nihil aperiam quod. Veniam ab alias unde nihil nobis. Nemo placeat mollitia praesentium voluptatem vitae quos deleniti. Dignissimos perspiciatis ut ex amet deleniti ut. Culpa et saepe amet esse. Iste numquam expedita nisi non.', '2024-02-15T04:55:14'),
    (72, 16, 27, 5, 'Reiciendis libero ratione sunt quasi accusantium vitae sed. Asperiores necessitatibus quaerat ullam inventore ducimus amet laborum. Quae eum magni molestiae autem non nostrum. Ratione fuga esse pariatur commodi rem. At corporis cupiditate commodi totam eum. Aliquid dolor fugit praesentium a. Ex et soluta expedita. Molestiae omnis ut neque labore. Aliquid voluptates id vitae ex. Repellendus inventore incidunt saepe porro. Occaecati voluptatibus aliquid soluta. Animi ipsam magnam.', '2023-03-03T18:55:07'),
    (73, 11, 61, 1, 'Itaque ad eveniet praesentium ullam dolores nam. Nostrum aliquam expedita esse. Velit exercitationem totam sit. Inventore velit suscipit natus nulla asperiores. Dolorem a nesciunt earum asperiores libero. Totam minus soluta ducimus ex. Laudantium nisi placeat expedita dolores. Nam aut cumque hic praesentium provident. Magnam unde voluptas enim aut. Facere exercitationem non illum. Accusamus reiciendis minima quasi id. Ipsum quidem amet consequuntur doloremque.', '2024-07-02T06:53:30'),
    (74, 17, 57, 3, 'Possimus nisi autem hic laudantium. Expedita velit quia atque atque. Quo facilis excepturi. Nobis consequatur fugit blanditiis ipsum deleniti repudiandae. Magnam dicta doloribus hic. Dolorum illo recusandae dicta reprehenderit illum. Ipsa ratione ad sed explicabo porro doloribus. Quas dicta animi eveniet in ipsa dolorum. Laudantium dicta possimus velit ea. Magnam possimus incidunt pariatur hic similique ab. Qui quasi voluptatem.', '2024-09-30T01:31:20'),
    (75, 13, 22, 1, 'Officia ducimus excepturi autem quidem doloribus perferendis facere. Autem velit nemo ratione inventore suscipit. Magnam officia animi eum pariatur debitis. Incidunt nam vitae aliquam earum in doloribus. Earum dolorem tenetur. Ut non similique officiis. Fugiat doloremque quis minus officia voluptatum consequatur. Fugiat temporibus impedit sed. Veniam facilis provident rem voluptas quidem soluta minima. Ut a eveniet consequatur eligendi aliquam accusantium.', '2024-09-19T17:54:17'),
    (76, 16, 68, 1, 'Et mollitia iure nisi optio. Dolorem labore eum. Similique consequuntur repellendus voluptates dolores illum pariatur. Suscipit suscipit praesentium deserunt ducimus temporibus doloribus. Dolores numquam officiis recusandae. Cumque minus hic veritatis qui modi. Sunt vitae dolor maiores cupiditate assumenda vel a. Hic esse fuga illo illum sequi. Quibusdam id voluptate nesciunt minima ipsam. Dolor natus et culpa. Molestiae totam vitae nemo.', '2024-08-31T19:18:31'),
    (77, 3, 74, 3, 'Rem quod voluptas autem. Architecto qui temporibus minima iure. Provident blanditiis eveniet quae id. Delectus fugiat exercitationem dolor atque numquam. Repellat libero dolore a. Ad consequatur officia totam facere. Beatae provident inventore molestias qui omnis. Nemo delectus quasi. Veniam error temporibus ab officia. Esse corrupti iure veniam consequatur praesentium occaecati culpa. Possimus nemo illo porro vitae cum. Facere deleniti quam provident totam.', '2025-07-23T00:19:14'),
    (78, 5, 19, 4, 'Iure praesentium aspernatur unde sed tempora ipsum. Laborum iusto necessitatibus autem. Labore laborum nostrum dolor veritatis consectetur amet. Doloremque assumenda asperiores magni corrupti minus esse. Provident autem dicta assumenda maxime porro error. Aperiam quo repellat vero facilis sapiente tempore. Quam soluta ab omnis exercitationem rem. Quaerat quas harum minima. Repudiandae et eum placeat tenetur. Sed non cum quibusdam consequuntur quam. Hic facere reiciendis sit doloribus quisquam.', '2025-07-09T18:35:54'),
    (79, 11, 64, 3, 'Esse repellat atque ab. Architecto magnam quam quis recusandae voluptatum. Commodi quis eum quis necessitatibus modi. Tempora aliquam nisi facere animi veniam. Quod error corporis ipsa non. Non nobis provident placeat ducimus. Quos ipsa nihil velit inventore et pariatur. Voluptatem commodi at labore. Ipsum modi eum quos eum. Eaque quasi repudiandae vero. Illum sint quo vero error. Eius dicta sint optio. Quam omnis illum culpa quibusdam quis doloribus.', '2025-06-11T13:38:45'),
    (80, 7, 46, 1, 'Earum doloremque sed deleniti sit magni dolores. Explicabo dolore quia laborum reprehenderit. Optio corrupti tempore. Esse officiis numquam explicabo inventore incidunt. Similique laboriosam impedit libero omnis cumque. A eum quasi vero. Assumenda dolorum sed perspiciatis tenetur quod. Sequi doloribus sint officia aut. Dolores laudantium autem soluta. Nemo cum aspernatur culpa voluptas debitis molestias aliquam.', '2024-09-18T18:18:24'),
    (81, 14, 4, 5, 'Ipsum sed ipsa ipsum ex. Soluta commodi commodi reprehenderit excepturi iure. Dolores doloribus sed ab. Reiciendis dignissimos fuga iure fugiat esse praesentium. Eveniet maiores necessitatibus incidunt et. Velit exercitationem suscipit aperiam dicta error cum officia. Repudiandae debitis quasi rerum. Repudiandae neque hic provident nesciunt sapiente magni nostrum. Aut illum cum neque repellat atque. Minus perferendis mollitia eveniet non. Aliquid nulla est et.', '2023-01-26T18:57:22'),
    (82, 12, 51, 2, 'Porro ducimus eligendi. Saepe maiores labore excepturi sint. Quod commodi accusamus minus. Similique ullam ipsum natus. Ab vel dicta eos ullam accusantium aspernatur. Quia possimus inventore saepe quasi consequuntur. Consequatur ullam iure enim eaque. Quidem aperiam quidem porro nihil itaque ex. Iusto facere officiis laboriosam maiores veniam enim temporibus. Neque molestias voluptate exercitationem provident. Quo nemo deleniti. Iusto quam temporibus quas quia. Fugiat ratione molestiae minima.', '2023-10-08T11:27:55'),
    (83, 8, 29, 1, 'Consectetur assumenda soluta odio harum ad. Distinctio exercitationem ratione. Dicta laudantium natus praesentium at. Voluptatibus vitae vel similique ipsa. Libero voluptatem aspernatur quasi labore suscipit sapiente. Dolores omnis dolorem dicta. Iusto accusamus tenetur a facere vitae. Iusto blanditiis vero. Incidunt facilis tempore. Consequatur eaque fugit. Quaerat dignissimos reiciendis. Animi itaque quam eaque veritatis alias eos fugiat.', '2025-09-10T06:55:13'),
    (84, 10, 2, 1, 'Qui blanditiis libero eligendi. Dolore ipsum laborum labore. A enim nobis odit sapiente recusandae. Eos culpa a ad laboriosam. Quia culpa non dicta illo aperiam necessitatibus. Nisi dignissimos ipsum. Hic necessitatibus vero repudiandae eum. Quaerat placeat officiis fuga illo cum. Provident blanditiis deserunt quia recusandae impedit eveniet modi.', '2024-06-16T17:54:22'),
    (85, 2, 12, 2, 'Corrupti quasi voluptatibus. Fuga veniam illo animi repellat nulla dolorem. Earum amet quaerat rerum sapiente. Sapiente laudantium officiis recusandae a perspiciatis. Veniam dolorum velit est cum praesentium numquam. Laboriosam odit illo. Quam illo deleniti. Quo reprehenderit quia sit rerum. Totam molestiae optio eos facilis qui. Cum nisi ratione in placeat labore. Eligendi error commodi minus. Eaque beatae facilis ad nam. Officiis culpa maxime molestias magni voluptates.', '2025-01-07T12:24:25'),
    (86, 15, 54, 1, 'Ipsa inventore dolor repellat nihil sit. Doloremque corrupti quasi consectetur fugit temporibus. Assumenda eaque qui quas. Possimus nobis rem cupiditate dolorem. Sed aperiam dolor dicta dicta. Rem quaerat quidem saepe nostrum rerum deleniti. Voluptate pariatur in necessitatibus odit. Repellendus voluptas soluta temporibus blanditiis. Quos nihil incidunt a aliquid consequatur. Ratione distinctio nam odio veritatis. Voluptates occaecati neque eos.', '2025-07-23T03:27:36'),
    (87, 12, 51, 1, 'Ipsam est recusandae ea error velit. Nihil nemo dolore veniam ut omnis expedita. Modi aliquid officiis vel eligendi cum. Necessitatibus commodi laboriosam nulla beatae autem ducimus. Odio minima voluptates culpa unde eum. Quia mollitia perspiciatis sapiente perferendis. Minima nesciunt laboriosam consequuntur. Perferendis beatae molestiae quia culpa optio. Quia sunt neque optio totam qui voluptatem. Voluptates sed tenetur hic nostrum non.', '2025-04-14T23:40:16'),
    (88, 2, 20, 1, 'Harum commodi delectus quam et. Dicta amet optio. Occaecati aperiam maxime aliquid adipisci. Voluptate saepe sunt eum maiores ab. Sapiente excepturi vero labore voluptatum. Optio aperiam quia aliquam iusto. Mollitia sequi commodi. Perspiciatis neque beatae veritatis. Praesentium aliquam dolor quas minima debitis in. Natus voluptatum neque libero ullam quam. Harum id deleniti dolorum.', '2023-02-26T16:58:21'),
    (89, 17, 1, 1, 'Voluptatem accusantium amet temporibus quam. Ratione aliquid dolorum eum in impedit recusandae. Tempora exercitationem id magni deserunt. Molestiae eum quae amet dignissimos. Modi non saepe architecto saepe ipsam voluptas earum. Magni eveniet quod ipsum harum officia nulla. Magni nam totam totam in voluptatum quaerat mollitia. Suscipit pariatur molestiae qui fugiat labore sed. Itaque ducimus soluta neque. Quae accusamus reiciendis ex libero.', '2025-03-08T22:49:06'),
    (90, 14, 78, 4, 'Nam maxime ducimus rem. Nulla quam facere quas magnam doloribus. Officiis atque dolor ut asperiores. Vel enim enim quae deserunt minus. Laboriosam similique mollitia unde commodi adipisci aspernatur. Corrupti praesentium modi reiciendis labore. Asperiores impedit illo ab fuga. Fugiat non magni velit quibusdam. Voluptatibus consequatur doloremque eaque quasi. Tenetur veniam ex veniam. Occaecati vitae reprehenderit ipsum aliquid vel voluptatem.', '2023-06-14T08:50:20'),
    (91, 16, 60, 1, 'Neque sunt nihil non dicta alias. Modi ad libero iste provident laboriosam ab. Earum dignissimos harum quos libero consequuntur. Neque iste ducimus officia mollitia. Quo dicta aut harum neque reiciendis. Dignissimos voluptas fugit eaque totam. Veritatis modi possimus iusto dicta facilis molestiae. Itaque quam error omnis saepe nulla explicabo. Sequi odit voluptatem ea fugit. Doloribus totam optio saepe vitae. Fugit laborum nam adipisci voluptate. Neque velit culpa sit tenetur libero eaque.', '2025-07-29T06:14:04'),
    (92, 14, 50, 2, 'Dicta rerum natus optio. Iusto deleniti fuga ipsum debitis. Laboriosam laborum et. Praesentium beatae iusto aperiam repellat. Esse rerum consequatur. Nesciunt deserunt laboriosam iure. Sint quod neque. Enim reprehenderit eum recusandae molestias sequi. Labore nam alias dolorem vero animi. Eligendi exercitationem a rerum. Incidunt vel corrupti voluptates. Autem temporibus accusantium numquam nisi.', '2024-01-21T00:01:56'),
    (93, 10, 52, 5, 'Consectetur error est cupiditate ad ipsa maiores. Modi reprehenderit corrupti eveniet placeat excepturi facere. Velit nostrum incidunt ullam. Autem eius repudiandae minima. Totam at inventore. Incidunt pariatur pariatur sint ducimus porro. Facilis quas adipisci fugiat dolores dolore. Culpa id neque pariatur reprehenderit fuga. Qui rerum vel ipsa soluta fugit. Eveniet voluptate molestias consequuntur molestiae eos.', '2023-10-22T22:43:04'),
    (94, 17, 57, 2, 'Unde provident ea enim eius culpa mollitia modi. Doloribus neque eos. Eaque et nihil delectus ut nostrum explicabo. Assumenda placeat ea. Commodi vero vel maiores. Sit deleniti architecto pariatur quas pariatur. Officiis earum rerum possimus dolore enim harum. Doloribus impedit ad. Suscipit rerum quaerat. Quod quasi voluptatem rem odit. Laboriosam porro odio sapiente dolorum eaque. Eligendi deleniti neque quaerat. Facere officiis sint corrupti. Exercitationem nihil amet.', '2023-02-12T01:55:00'),
    (95, 16, 11, 4, 'Quis officiis sit suscipit asperiores expedita maxime. Accusantium hic nulla. Est maiores ipsa numquam ut magnam. Eius iure doloribus. Sequi sequi ipsam aliquid omnis tenetur eos. Deleniti a delectus vero. Magni ipsam mollitia iure. Totam tenetur quisquam accusamus. Fugit pariatur numquam sint pariatur. Repellat maiores quia maxime provident dignissimos ipsum nulla. Ut ipsum fugit illo sit aliquid. Sit illo saepe explicabo error amet magni.', '2025-09-06T00:16:17'),
    (96, 17, 69, 5, 'Odio corporis illo doloremque incidunt officiis ullam. Corrupti exercitationem vero sed. Quae quo necessitatibus repellendus ipsum quaerat consectetur. Temporibus molestias repellat earum repudiandae. Non animi officia amet optio corporis neque incidunt. Quam vitae facere. Occaecati magni voluptatem magni sint. Aspernatur magni nobis doloremque animi delectus eveniet in. Sit quam blanditiis autem adipisci nobis tempore. Enim impedit voluptatibus pariatur voluptate distinctio.', '2023-03-31T14:35:42'),
    (97, 13, 30, 1, 'Reiciendis fuga neque maiores consectetur quae. Nemo iusto nemo assumenda. Cumque placeat eum animi quaerat. Voluptates in eaque non necessitatibus accusantium iste. Culpa nesciunt tempora perferendis assumenda aspernatur. Rerum occaecati ducimus quos modi aspernatur. Ducimus voluptates laudantium blanditiis provident. Officiis explicabo in sed. Hic provident blanditiis maiores adipisci eum illum. Totam consequatur eligendi soluta eius.', '2024-08-26T04:59:14'),
    (98, 10, 34, 5, 'Reiciendis sed dolorum eius delectus quia odit. Magni non enim atque officiis debitis perspiciatis. Nobis quaerat deserunt minus expedita. Voluptas repudiandae ducimus fugit itaque. Provident corporis numquam doloremque. Dolorum molestias laborum sed error. Labore voluptatibus cupiditate sunt officiis. Quasi numquam libero. Harum laboriosam quod dolorem laboriosam officia nostrum. Ipsam mollitia aspernatur corporis consectetur magni. Non aut aliquid non nihil delectus possimus.', '2024-02-29T03:06:38'),
    (99, 13, 30, 5, 'Sed praesentium neque cum voluptatum. Necessitatibus nesciunt distinctio quam exercitationem id placeat. Dolorum deserunt dolore dignissimos. Voluptas fugit eius harum exercitationem corporis. Doloribus aliquam tempore fugiat alias nulla pariatur. Ullam deleniti possimus adipisci nihil ullam. Consectetur quod nesciunt dignissimos veritatis. Excepturi laudantium explicabo sed. Aliquid molestias tempore ullam ex vel. Quo rem deleniti.', '2024-10-22T18:30:13'),
    (100, 20, 71, 4, 'Rerum eligendi dicta odit necessitatibus sunt rem. Explicabo explicabo aspernatur eius dolore repudiandae vel. Aperiam maxime facilis. Veniam sunt sapiente provident expedita. Praesentium recusandae vero. Incidunt repellat porro. Harum sint eligendi modi culpa quia at. Voluptatem repellendus voluptatem eveniet nemo itaque error. Culpa laboriosam ea iste ratione sint. Doloremque expedita earum corporis fugit suscipit alias quidem.', '2023-04-08T09:14:36');
;
